candidate_probability,market_score,session,market_regime,volatility_bucket,direction,memory_confidence,memory_pf,memory_matches,is_win
0.52474344,85.81584659913185,1,3,0,0,0.0,0.0,0.0,1
0.5941269,86.81866761667243,1,0,0,0,0.0,0.0,0.0,0
0.5514888,87.61167249031998,1,0,0,0,0.0,0.0,0.0,1
0.57074237,81.56634475459714,1,0,0,0,0.0,0.0,0.0,0
0.52474344,85.61496680748328,1,0,0,0,0.0,0.0,0.0,1
0.57307,82.53374870197318,1,0,0,0,0.0,0.0,0.0,1
0.57307,83.1538056360287,1,0,0,0,0.0,0.0,0.0,1
0.65653914,86.38938733658013,1,0,0,0,0.0,0.0,0.0,1
0.57307,83.18874560375161,1,0,0,0,0.0,0.0,0.0,0
0.52196616,87.53457446808534,1,0,0,0,0.0,0.0,0.0,0
0.59971666,82.56395679363285,1,0,0,0,0.0,0.0,0.0,1
0.57307,82.53604092388771,1,0,0,0,0.0,0.0,0.0,1
0.6060947,84.88552392489382,1,0,0,0,0.0,0.0,0.0,0
0.53374225,97.61068277561408,0,3,0,0,0.0,0.0,0.0,1
0.58682287,86.39528137690894,0,0,0,0,0.0,0.0,0.0,1
0.5421829,91.0544835414303,1,3,0,0,0.0,0.0,0.0,1
0.5164799,82.15124341314618,2,3,0,0,0.0,0.0,0.0,1
0.55746776,81.79690929844583,2,3,0,0,0.0,0.0,0.0,0
0.5321321,82.84002107296499,2,0,0,0,0.0,0.0,0.0,0
0.5321321,82.59373079287029,2,0,0,0,0.0,0.0,0.0,1
0.5321321,81.43735183071361,2,0,0,0,0.0,0.0,0.0,1
0.52245295,93.99648917495588,0,0,0,0,0.0,0.0,0.0,1
0.5493443,86.79875537658961,1,0,0,0,0.0,0.0,0.0,1
0.58962333,90.31463748290048,0,3,0,0,0.0,0.0,0.0,0
0.531773,90.7813000320202,1,3,0,0,0.0,0.0,0.0,1
0.531773,94.84778292521506,1,2,0,0,0.0,0.0,0.0,0
0.5270056,96.27760510387688,1,2,0,0,0.0,0.0,0.0,1
0.6339058,81.84639782510207,0,1,0,0,0.0,0.0,0.0,0
0.6339058,81.74671499773439,0,1,0,0,0.0,0.0,0.0,0
0.59755915,82.9746261893971,0,1,0,0,0.0,0.0,0.0,0
0.5438039,82.51673217890095,0,3,0,0,0.0,0.0,0.0,0
0.5461614,83.48560501434156,0,3,0,0,0.0,0.0,0.0,0
0.5461614,83.8425581642409,0,3,0,0,0.0,0.0,0.0,0
0.624051,84.79961526130145,0,3,0,0,0.0,0.0,0.0,0
0.6145046,87.76230378850444,0,3,0,0,0.0,0.0,0.0,1
0.6145046,87.7832339529987,0,3,0,0,0.0,0.0,0.0,1
0.5321321,81.85339901477813,2,3,0,0,0.0,0.0,0.0,1
0.56191,81.09240522272128,2,3,0,0,0.0,0.0,0.0,0
0.56191,80.60371971955166,2,3,0,0,0.0,0.0,0.0,0
0.70088977,80.87566428879215,2,1,0,0,0.0,0.0,0.0,1
0.5260523,81.18562270402629,0,0,0,0,0.0,0.0,0.0,0
0.53608453,88.85976720247045,0,3,0,0,0.0,0.0,0.0,0
0.5941269,86.78599700941194,1,0,0,0,0.0,0.0,0.0,1
0.5893783,88.62380492939184,1,0,0,0,0.0,0.0,0.0,1
0.61288893,84.39730988101411,2,0,0,0,0.0,0.0,0.0,0
0.59996724,85.23580615824343,1,2,0,0,0.0,0.0,0.0,1
0.51976395,86.36886333480706,0,0,0,0,0.0,0.0,0.0,0
0.5481931,89.26938928437619,1,3,0,0,0.0,0.0,0.0,1
0.57307,83.36398334489937,1,3,0,0,0.0,0.0,0.0,1
0.5323979,88.72579268692937,2,1,0,0,0.0,0.0,0.0,0
0.677818,89.74852652259301,2,1,0,0,0.0,0.0,0.0,0
0.6694915,89.14175257731922,2,1,0,0,0.0,0.0,0.0,0
0.72136045,89.50747130122518,2,1,0,0,0.0,0.0,0.0,0
0.5305058,87.1991592222805,0,0,0,0,0.0,0.0,0.0,1
0.53727186,91.2292551138551,0,3,0,0,0.0,0.0,0.0,0
0.53727186,94.48282516402948,0,3,0,0,0.0,0.0,0.0,0
0.5396346,97.2153608645311,0,3,0,0,0.0,0.0,0.0,0
0.5979795,88.2342986084995,1,3,0,0,0.0,0.0,0.0,1
0.5928445,88.1612989561956,1,3,0,0,0.0,0.0,0.0,1
0.5722605,86.09858416360761,1,3,0,0,0.0,0.0,0.0,1
0.5372729,88.36704954568833,1,3,0,0,0.0,0.0,0.0,0
0.54583734,88.81258023106533,1,3,0,0,0.0,0.0,0.0,0
0.5481931,88.95162922485322,1,3,0,0,0.0,0.0,0.0,1
0.5184245,88.15123859191638,1,0,0,0,0.0,0.0,0.0,1
0.5481931,89.25064377682418,1,0,0,0,0.0,0.0,0.0,1
0.68218774,87.46004760285595,0,3,0,0,0.0,0.0,0.0,1
0.6333809,82.82847670563538,1,0,0,0,0.0,0.0,0.0,1
0.61370844,87.68495575221164,1,0,0,0,0.0,0.0,0.0,0
0.5310819,80.69039527812592,0,0,0,0,0.0,0.0,0.0,0
0.5183672,86.93942133815489,0,0,0,0,0.0,0.0,0.0,1
0.6185897,80.38630623889274,1,3,0,0,0.0,0.0,0.0,1
0.6185897,81.65746889907413,1,3,0,0,0.0,0.0,0.0,1
0.6185897,81.00926012533924,1,3,0,0,0.0,0.0,0.0,1
0.5623462,89.87440597420219,2,0,0,0,0.0,0.0,0.0,0
0.55746776,83.06103051525773,2,3,0,0,0.0,0.0,0.0,1
0.5835093,83.11916726489578,2,1,0,0,0.0,0.0,0.0,0
0.67178565,99.33509104391528,2,1,0,0,0.0,0.0,0.0,1
0.62311476,98.5052230144252,0,0,0,0,0.0,0.0,0.0,0
0.61214405,98.629291183008,0,0,0,0,0.0,0.0,0.0,0
0.63423043,98.26666666666678,0,3,0,0,0.0,0.0,0.0,1
0.70643204,88.38682991396406,0,3,0,0,0.0,0.0,0.0,1
0.6791033,88.16249999999978,0,3,0,0,0.0,0.0,0.0,1
0.5378469,81.23339658444061,0,2,0,0,0.0,0.0,0.0,1
0.5461614,84.51070750881047,0,2,0,0,0.0,0.0,0.0,1
0.6178605,86.32850241545799,0,2,0,0,0.0,0.0,0.0,1
0.5378469,80.80827067669242,0,3,0,0,0.0,0.0,0.0,1
0.5804245,80.38902996444878,1,3,0,0,0.0,0.0,0.0,1
0.5313031,95.4018324607336,0,3,0,0,0.0,0.0,0.0,0
0.6057064,97.34162303664954,0,0,0,0,0.0,0.0,0.0,0
0.62734044,83.31226295828051,0,2,0,0,0.0,0.0,0.0,1
0.6100382,86.71390271926397,1,2,0,0,0.0,0.0,0.0,1
0.5862552,86.00153198008344,1,2,0,0,0.0,0.0,0.0,1
0.62224925,83.30455547391539,1,2,0,0,0.0,0.0,0.0,1
0.59022427,86.35616438356206,0,0,0,0,0.0,0.0,0.0,0
0.5933646,87.6205385097064,0,3,0,0,0.0,0.0,0.0,0
0.52594155,87.8155339805818,1,0,0,0,0.0,0.0,0.0,1
0.55295336,87.99024390243991,1,0,0,0,0.0,0.0,0.0,0
0.56315845,87.26617688612609,1,3,0,0,0.0,0.0,0.0,0
0.6585386,87.26921093347119,1,3,0,0,0.0,0.0,0.0,1
0.628862,82.43424445590534,1,3,0,0,0.0,0.0,0.0,0
0.5469972,93.74297489696494,0,3,0,0,0.0,0.0,0.0,0
0.6209661,99.44849862423732,0,3,0,0,0.0,0.0,0.0,1
0.6209661,99.25157907281591,0,3,0,0,0.0,0.0,0.0,1
0.59620786,83.26432217810499,2,0,0,0,0.0,0.0,0.0,1
0.6348713,84.08336157234824,0,3,0,0,0.0,0.0,0.0,1
0.56342673,85.99604221635903,0,3,0,0,0.0,0.0,0.0,1
0.6175509,88.40567435951746,0,1,0,0,0.0,0.0,0.0,1
0.6164154,83.41524157396603,0,2,0,0,0.0,0.0,0.0,0
0.6844973,84.6953345508881,0,3,0,0,0.0,0.0,0.0,0
0.5940386,83.66629375099936,0,2,0,0,0.0,0.0,0.0,0
0.6519184,89.27145847871607,0,2,0,0,0.0,0.0,0.0,0
0.6628957,88.89763779527571,0,3,0,0,0.0,0.0,0.0,0
0.60381097,88.45970374089845,0,3,0,0,0.0,0.0,0.0,0
0.58645445,88.17303044949205,0,3,0,0,0.0,0.0,0.0,0
0.6810046,88.51966626936836,0,3,0,0,0.0,0.0,0.0,1
0.65247333,88.0727056019071,0,3,0,0,0.0,0.0,0.0,1
0.53935015,82.76730555995499,2,0,0,0,0.0,0.0,0.0,1
0.53935015,82.58672580389602,2,0,0,0,0.0,0.0,0.0,1
0.6475033,98.91772151898849,0,0,0,0,0.0,0.0,0.0,0
0.52689755,97.1550671550678,0,0,0,0,0.0,0.0,0.0,0
0.684296,99.21494206951608,0,0,0,0,0.0,0.0,0.0,0
0.61782646,97.74503311258196,0,3,0,0,0.0,0.0,0.0,1
0.5575748,89.06475976217172,0,3,0,0,0.0,0.0,0.0,1
0.59863013,86.26444159178436,2,1,0,0,0.0,0.0,0.0,0
0.5977952,87.15473287519369,2,1,0,0,0.0,0.0,0.0,0
0.5977952,87.571333036112,2,1,0,0,0.0,0.0,0.0,1
0.69701713,89.81095890410938,0,0,0,0,0.0,0.0,0.0,1
0.61339426,81.08728943338434,1,3,0,0,0.0,0.0,0.0,0
0.51531243,86.41418806576671,0,0,0,0,0.0,0.0,0.0,0
0.54363036,85.98699489085043,1,0,0,0,0.0,0.0,0.0,1
0.58234924,80.4434397845323,2,0,0,0,0.0,0.0,0.0,0
0.69954735,89.23129907700816,0,3,0,0,0.0,0.0,0.0,1
0.6389247,88.55593220338976,0,3,0,0,0.0,0.0,0.0,1
0.58099484,87.40655812886992,0,0,0,0,0.0,0.0,0.0,1
0.67796594,80.90271343481143,1,3,0,0,0.0,0.0,0.0,0
0.54148924,88.76137158852288,0,0,0,0,0.0,0.0,0.0,0
0.527768,87.65098877605475,0,3,0,0,0.0,0.0,0.0,1
0.5313031,87.51170046801904,0,3,0,0,0.0,0.0,0.0,1
0.5310819,81.64488854727145,0,0,0,0,0.0,0.0,0.0,1
0.6050958,80.87402343749932,0,3,0,0,0.0,0.0,0.0,0
0.6050958,81.90673828124987,0,3,0,0,0.0,0.0,0.0,0
0.6050958,84.02343749999977,0,3,0,0,0.0,0.0,0.0,0
0.6050958,85.18066406249906,0,3,0,0,0.0,0.0,0.0,0
0.5987939,86.35253906249966,0,3,0,0,0.0,0.0,0.0,1
0.5198244,89.16828793774361,1,2,0,0,0.0,0.0,0.0,0
0.5184245,88.53682896379466,1,2,0,0,0.0,0.0,0.0,0
0.5184245,88.39451282329325,1,3,0,0,0.0,0.0,0.0,1
0.64512646,84.73084762019047,1,0,0,0,0.0,0.0,0.0,0
0.5793206,85.12028954651838,1,3,0,0,0.0,0.0,0.0,0
0.5965759,87.14842105263223,1,3,0,0,0.0,0.0,0.0,0
0.52834916,87.33240997229987,1,3,0,0,0.0,0.0,0.0,1
0.5888485,87.269519188355,0,0,0,0,0.0,0.0,0.0,1
0.6011455,87.76985956822502,0,3,0,0,0.0,0.0,0.0,1
0.55262357,93.05535390199654,2,1,0,0,0.0,0.0,0.0,1
0.60949033,84.66137319009708,1,0,0,0,0.0,0.0,0.0,0
0.63358116,83.64350274114737,1,3,0,0,0.0,0.0,0.0,0
0.6109352,86.4601508206427,1,3,0,0,0.0,0.0,0.0,0
0.6179902,96.4432245015886,0,0,0,0,0.0,0.0,0.0,1
0.59354675,95.12374812938936,0,2,0,0,0.0,0.0,0.0,1
0.60116935,87.77317256970736,0,3,0,0,0.0,0.0,0.0,0
0.519917,87.46223564954752,0,3,0,0,0.0,0.0,0.0,1
0.607788,87.43389423076852,0,0,0,0,0.0,0.0,0.0,1
0.607788,86.76535307061299,0,0,0,0,0.0,0.0,0.0,1
0.5528034,87.97988826815646,1,0,0,0,0.0,0.0,0.0,1
0.5389122,88.63978764617251,1,0,0,0,0.0,0.0,0.0,1
0.5565524,88.1103466702296,1,0,0,0,0.0,0.0,0.0,1
0.5528034,86.07240665286213,1,3,0,0,0.0,0.0,0.0,1
0.62385315,89.09797907881048,0,3,0,0,0.0,0.0,0.0,0
0.54665184,93.35620437956194,1,3,0,0,0.0,0.0,0.0,0
0.5586944,92.32700729927043,1,0,0,0,0.0,0.0,0.0,0
0.54287803,80.25224116716453,0,3,0,0,0.0,0.0,0.0,1
0.52913314,87.72204114891018,1,2,0,0,0.0,0.0,0.0,0
0.5617983,88.84824941983658,1,2,0,0,0.0,0.0,0.0,1
0.5963408,86.84661084342943,1,2,0,0,0.0,0.0,0.0,1
0.5504497,88.00563224227868,1,3,0,0,0.0,0.0,0.0,1
0.5446367,87.32728764126878,1,3,0,0,0.0,0.0,0.0,1
0.53316087,88.06213017751466,1,2,0,0,0.0,0.0,0.0,1
0.5766186,84.59227467811138,1,2,0,0,0.0,0.0,0.0,1
0.5630957,82.52875486218589,2,2,0,0,0.0,0.0,0.0,1
0.5667,89.00740286477742,2,2,0,0,0.0,0.0,0.0,1
0.532291,88.09291918926023,2,0,0,0,0.0,0.0,0.0,0
0.52269757,86.1037871105361,2,0,0,0,0.0,0.0,0.0,0
0.52446055,88.0713287437235,1,2,0,0,0.0,0.0,0.0,0
0.52824444,88.32697141793147,1,2,0,0,0.0,0.0,0.0,0
0.5428366,89.59724950884033,0,3,0,0,0.0,0.0,0.0,0
0.579421,81.3025848960971,1,0,0,0,0.0,0.0,0.0,0
0.54118174,84.44162865348883,1,3,0,0,0.0,0.0,0.0,1
0.5526197,84.14568621430769,1,3,0,0,0.0,0.0,0.0,1
0.567798,89.27792182378526,2,0,0,0,0.0,0.0,0.0,0
0.5415964,87.6966487842266,1,0,0,0,0.0,0.0,0.0,1
0.5415964,88.398133748056,1,0,0,0,0.0,0.0,0.0,1
0.53782594,84.83574546289894,1,0,0,0,0.0,0.0,0.0,0
0.5335119,81.67812166488795,1,3,0,0,0.0,0.0,0.0,0
0.5694466,99.46375860937997,1,0,0,0,0.0,0.0,0.0,1
0.5622606,99.3873058578944,1,0,0,0,0.0,0.0,0.0,1
0.6002642,89.30789924186867,1,0,0,0,0.0,0.0,0.0,1
0.6002642,88.8128606760101,1,0,0,0,0.0,0.0,0.0,1
0.611519,86.49955634427701,1,3,0,0,0.0,0.0,0.0,0
0.64744955,88.14477130767703,1,3,0,0,0.0,0.0,0.0,1
0.66131526,85.13643491897577,1,0,0,0,0.0,0.0,0.0,1
0.6286058,85.73706220595929,1,0,0,0,0.0,0.0,0.0,1
0.5238577,97.8341895289104,1,3,0,0,0.0,0.0,0.0,0
0.5238577,97.1816591977264,1,3,0,0,0.0,0.0,0.0,0
0.5327671,85.90029797095983,2,1,0,0,0.0,0.0,0.0,1
0.5327671,85.76266376578587,2,1,0,0,0.0,0.0,0.0,1
0.5415964,86.29298901894586,1,0,0,0,0.0,0.0,0.0,0
0.5625677,83.34666516448866,1,3,0,0,0.0,0.0,0.0,1
0.5213706,80.56495704243672,0,0,0,0,0.0,0.0,0.0,1
0.55827874,85.2874170187084,1,0,0,0,0.0,0.0,0.0,0
0.57576126,85.94824984912461,1,0,0,0,0.0,0.0,0.0,0
0.54322207,91.36164755582396,1,0,0,0,0.0,0.0,0.0,0
0.5677766,92.19674109837,1,3,0,0,0.0,0.0,0.0,0
0.5787999,96.0123717561856,1,3,0,0,0.0,0.0,0.0,1
0.5268181,88.99354591347672,0,3,0,0,0.0,0.0,0.0,1
0.55094516,86.83025130393554,1,3,0,0,0.0,0.0,0.0,0
0.5845439,84.65710517639324,1,2,0,0,0.0,0.0,0.0,1
0.5222615,89.34811295856349,1,3,0,0,0.0,0.0,0.0,0
0.5469973,90.76621146455103,1,0,0,0,0.0,0.0,0.0,1
0.5520223,93.44115769312634,1,0,0,0,0.0,0.0,0.0,0
0.5313201,88.70934797178698,2,0,0,0,0.0,0.0,0.0,0
0.51553535,88.56751744237367,2,0,0,0,0.0,0.0,0.0,1
0.61517316,88.85396109388233,1,3,0,0,0.0,0.0,0.0,1
0.61517316,88.8712546175953,1,0,0,0,0.0,0.0,0.0,1
0.61517316,89.07418637558098,1,0,0,0,0.0,0.0,0.0,1
0.5927471,88.97581229816117,1,0,0,0,0.0,0.0,0.0,1
0.55773455,89.52832746001631,2,0,0,0,0.0,0.0,0.0,1
0.54294455,94.2649405923037,1,0,0,0,0.0,0.0,0.0,0
0.55459225,85.37594636768202,1,0,0,0,0.0,0.0,0.0,1
0.55459225,84.85407154828665,1,0,0,0,0.0,0.0,0.0,1
0.6018788,82.85272374560913,1,0,0,0,0.0,0.0,0.0,0
0.5788699,88.8301599390708,1,0,0,0,0.0,0.0,0.0,0
0.53959507,82.09247184350906,1,0,0,0,0.0,0.0,0.0,1
0.54856986,94.14102879645586,1,1,0,0,0.0,0.0,0.0,0
0.54856986,96.66023166023162,1,1,0,0,0.0,0.0,0.0,0
0.5852389,91.17353241312634,1,3,0,0,0.0,0.0,0.0,1
0.54742235,88.58173326414106,1,3,0,0,0.0,0.0,0.0,0
0.6112923,89.01676945817826,1,3,0,0,0.0,0.0,0.0,1
0.6326194,89.43675587666611,1,3,0,0,0.0,0.0,0.0,1
0.54622376,95.1972662317488,0,1,0,0,0.0,0.0,0.0,1
0.5741685,85.02204585537866,1,3,0,0,0.0,0.0,0.0,0
0.5741685,84.57010582010547,1,0,0,0,0.0,0.0,0.0,0
0.54008764,88.16441441441431,2,3,0,0,0.0,0.0,0.0,0
0.51567936,89.53429431332086,0,3,0,0,0.0,0.0,0.0,0
0.5548058,98.80961048416415,1,0,0,0,0.0,0.0,0.0,1
0.70358217,89.02531048577285,1,3,0,0,0.0,0.0,0.0,0
0.6014434,88.45922726632546,1,3,0,0,0.0,0.0,0.0,0
0.58604026,86.24541564792193,1,2,0,0,0.0,0.0,0.0,0
0.6347618,87.7840558865834,1,2,0,0,0.0,0.0,0.0,1
0.5174319,88.8352799033428,0,3,0,0,0.0,0.0,0.0,1
0.6203403,80.49236829148208,1,3,0,0,0.0,0.0,0.0,0
0.653066,91.98367166813767,1,2,0,0,0.0,0.0,0.0,1
0.51587814,88.77946768060875,0,0,0,0,0.0,0.0,0.0,1
0.5895458,83.00460339943328,1,2,0,0,0.0,0.0,0.0,0
0.5895458,82.8937053262616,1,2,0,0,0.0,0.0,0.0,0
0.56679136,83.44708323726053,1,2,0,0,0.0,0.0,0.0,0
0.6027019,81.63246483744439,1,3,0,0,0.0,0.0,0.0,1
0.5399958,87.906261442695,1,0,0,0,0.0,0.0,0.0,1
0.5519143,85.44839928415149,1,2,0,0,0.0,0.0,0.0,1
0.54429096,95.2024808464062,1,0,0,0,0.0,0.0,0.0,0
0.5399958,97.23759541984757,1,0,0,0,0.0,0.0,0.0,0
0.68376964,89.0416635274608,1,3,0,0,0.0,0.0,0.0,1
0.5551297,87.06528859451187,1,3,0,0,0.0,0.0,0.0,1
0.55085236,87.07327227310581,1,3,0,0,0.0,0.0,0.0,1
0.5237274,84.24229808492899,1,3,0,0,0.0,0.0,0.0,1
0.5252593,80.19690238924159,0,3,0,0,0.0,0.0,0.0,0
0.5558777,81.24949235142854,0,3,0,0,0.0,0.0,0.0,1
0.5950778,86.33658286300746,1,0,0,0,0.0,0.0,0.0,0
0.5909015,87.43018159048145,1,0,0,0,0.0,0.0,0.0,0
0.58797586,88.63487042219157,1,0,0,0,0.0,0.0,0.0,0
0.5950778,85.59971098265791,1,0,0,0,0.0,0.0,0.0,0
0.55329305,88.77601410934672,1,0,0,0,0.0,0.0,0.0,0
0.6014434,87.90165856927452,1,3,0,0,0.0,0.0,0.0,0
0.76868516,88.95863951291277,1,3,0,0,0.0,0.0,0.0,0
0.6408877,87.25588235294066,1,2,0,0,0.0,0.0,0.0,0
0.5315366,88.59886777193692,1,3,0,0,0.0,0.0,0.0,0
0.5939092,83.69482878565339,1,3,0,0,0.0,0.0,0.0,0
0.58827406,87.1709051557542,1,2,0,0,0.0,0.0,0.0,1
0.6038726,86.89190600522207,1,2,0,0,0.0,0.0,0.0,1
0.6038726,86.02534738127947,1,2,0,0,0.0,0.0,0.0,1
0.5698659,80.81719817767555,1,0,0,0,0.0,0.0,0.0,0
0.5950778,86.95327800055969,1,0,0,0,0.0,0.0,0.0,0
0.6781114,88.97237870252602,1,0,0,0,0.0,0.0,0.0,1
0.58330613,93.06667874614986,1,0,0,0,0.0,0.0,0.0,1
0.56428206,89.17738720782759,1,0,0,0,0.0,0.0,0.0,0
0.56428206,81.85450262728799,1,0,0,0,0.0,0.0,0.0,1
0.53386253,88.9884934439386,0,1,0,0,0.0,0.0,0.0,1
0.53604,99.09545644018483,0,3,0,0,0.0,0.0,0.0,0
0.565252,99.0404592673595,0,3,0,0,0.0,0.0,0.0,0
0.53604,99.51238917935883,0,3,0,0,0.0,0.0,0.0,1
0.6050697,96.30841552216782,1,0,0,0,0.0,0.0,0.0,0
0.5623171,88.77347183379908,1,0,0,0,0.0,0.0,0.0,1
0.69645786,89.31515957446825,1,0,0,0,0.0,0.0,0.0,1
0.5968098,88.05628964059193,1,0,0,0,0.0,0.0,0.0,1
0.5945918,89.28491523965225,1,0,0,0,0.0,0.0,0.0,1
0.5249364,85.29888128235112,1,0,0,0,0.0,0.0,0.0,0
0.5322035,83.39144873391396,1,0,0,0,0.0,0.0,0.0,1
0.5615742,86.48873364164106,2,3,0,0,0.0,0.0,0.0,0
0.67003727,89.26923982113478,1,0,0,0,0.0,0.0,0.0,1
0.6954537,95.43692003948634,1,3,0,0,0.0,0.0,0.0,0
0.6154097,99.38387547525424,1,2,0,0,0.0,0.0,0.0,1
0.57350856,98.01487061268222,1,2,0,0,0.0,0.0,0.0,1
0.6738555,96.71129072998257,1,2,0,0,0.0,0.0,0.0,1
0.5258749,84.40119996842176,1,3,0,0,0.0,0.0,0.0,1
0.53798395,85.13302281518943,1,3,0,0,0.0,0.0,0.0,1
0.5249364,84.94118575826957,1,0,0,0,0.0,0.0,0.0,0
0.5399958,87.60322096786885,1,0,0,0,0.0,0.0,0.0,0
0.7198126,89.11831067399436,1,3,0,0,0.0,0.0,0.0,0
0.61548406,86.57936062815494,1,3,0,0,0.0,0.0,0.0,0
0.710906,89.2166658083122,1,3,0,0,0.0,0.0,0.0,1
0.6113808,88.42741326350747,1,3,0,0,0.0,0.0,0.0,1
0.7198126,88.99537917912478,1,3,0,0,0.0,0.0,0.0,1
0.56945556,83.64446860559946,1,0,0,0,0.0,0.0,0.0,1
0.5479267,92.16662272607458,1,0,0,0,0.0,0.0,0.0,1
0.55614597,85.41482744783306,2,3,0,0,0.0,0.0,0.0,0
0.51544356,89.39058097410434,2,3,0,0,0.0,0.0,0.0,1
0.6076908,81.40559991004186,1,3,0,0,0.0,0.0,0.0,0
0.529667,88.70270580142173,2,3,0,0,0.0,0.0,0.0,1
0.5174319,88.89978976874613,0,3,0,0,0.0,0.0,0.0,1
0.531688,88.97969807391951,0,3,0,0,0.0,0.0,0.0,1
0.6039108,90.08948971820206,1,3,0,0,0.0,0.0,0.0,0
0.7483338,99.00657745520554,1,3,0,0,0.0,0.0,0.0,0
0.6517414,95.18004660029638,1,2,0,0,0.0,0.0,0.0,0
0.67788047,88.97863312623127,1,3,0,0,0.0,0.0,0.0,0
0.67788047,89.22399476624209,1,3,0,0,0.0,0.0,0.0,0
0.56945556,84.65899581589956,1,0,0,0,0.0,0.0,0.0,0
0.56945556,84.52301255230113,1,0,0,0,0.0,0.0,0.0,0
0.56945556,84.55857740585725,1,0,0,0,0.0,0.0,0.0,0
0.51805776,82.37866108786581,1,0,0,0,0.0,0.0,0.0,0
0.56945556,82.497907949791,1,0,0,0,0.0,0.0,0.0,0
0.6050697,85.0269755633132,1,0,0,0,0.0,0.0,0.0,0
0.6050697,84.96667724531817,1,0,0,0,0.0,0.0,0.0,0
0.5427072,80.71336553945261,2,0,0,0,0.0,0.0,0.0,0
0.5950778,85.79511264401586,1,0,0,0,0.0,0.0,0.0,1
0.56626207,85.57320926966293,1,3,0,0,0.0,0.0,0.0,1
0.5554774,85.4362771020621,1,0,0,0,0.0,0.0,0.0,1
0.58575106,82.262473363216,1,0,0,0,0.0,0.0,0.0,0
0.5383128,90.51027027027,2,2,0,0,0.0,0.0,0.0,0
0.5413004,83.23347107437952,1,0,0,0,0.0,0.0,0.0,1
0.66523814,95.53403565640194,1,2,0,0,0.0,0.0,0.0,0
0.67009753,93.3338735818477,1,2,0,0,0.0,0.0,0.0,0
0.7058194,94.6989465153972,1,2,0,0,0.0,0.0,0.0,0
0.51710886,84.21744822661267,1,3,0,0,0.0,0.0,0.0,0
0.64770746,91.60339091199124,1,3,0,0,0.0,0.0,0.0,1
0.5282276,86.72690108718193,0,0,0,0,0.0,0.0,0.0,0
0.5807296,82.50446542485318,1,0,0,0,0.0,0.0,0.0,0
0.5632503,88.06859205776136,1,3,0,0,0.0,0.0,0.0,1
0.55672425,86.99142077213027,1,0,0,0,0.0,0.0,0.0,0
0.5545981,86.9436956411167,1,0,0,0,0.0,0.0,0.0,1
0.5987154,85.92635212888375,1,0,0,0,0.0,0.0,0.0,1
0.5338316,89.17040683364688,0,3,0,0,0.0,0.0,0.0,0
0.54725146,96.80149860299744,2,0,0,0,0.0,0.0,0.0,1
0.5391317,87.96462585034118,1,0,0,0,0.0,0.0,0.0,0
0.5391317,88.05267629566663,1,0,0,0,0.0,0.0,0.0,0
0.5399958,87.68384599714773,1,0,0,0,0.0,0.0,0.0,1
0.5322035,92.22194294332157,1,0,0,0,0.0,0.0,0.0,0
0.5249364,87.00517623860017,1,0,0,0,0.0,0.0,0.0,0
0.52061945,87.20724048762523,1,0,0,0,0.0,0.0,0.0,0
0.5924586,86.7653774796633,1,2,0,0,0.0,0.0,0.0,1
0.5280493,85.04606788325472,2,0,0,0,0.0,0.0,0.0,1
0.60503745,98.49094917614262,1,3,0,0,0.0,0.0,0.0,1
0.62152493,89.43981963232767,1,3,0,0,0.0,0.0,0.0,0
0.5653874,95.96508980521072,1,3,0,0,0.0,0.0,0.0,1
0.55031985,97.65326633165895,1,0,0,0,0.0,0.0,0.0,1
0.7113387,88.95201055628831,1,3,0,0,0.0,0.0,0.0,0
0.7022742,89.16307012395126,1,3,0,0,0.0,0.0,0.0,0
0.60815406,88.8150279567079,1,3,0,0,0.0,0.0,0.0,1
0.6014434,88.08520808106587,1,3,0,0,0.0,0.0,0.0,1
0.6018167,88.80635856273886,1,3,0,0,0.0,0.0,0.0,1
0.5201294,99.7980353094732,0,3,0,0,0.0,0.0,0.0,0
0.55031985,87.4980000000005,1,0,0,0,0.0,0.0,0.0,0
0.66813064,88.96724697550925,1,0,0,0,0.0,0.0,0.0,0
0.55031985,87.25209624498699,1,0,0,0,0.0,0.0,0.0,0
0.5490695,87.67373627294783,1,0,0,0,0.0,0.0,0.0,1
0.5315366,87.62249040654066,1,3,0,0,0.0,0.0,0.0,1
0.6588345,98.9839513004979,1,0,0,0,0.0,0.0,0.0,1
0.6588345,99.38718510405248,1,0,0,0,0.0,0.0,0.0,1
0.53699136,98.34830909982033,1,0,0,0,0.0,0.0,0.0,1
0.5280504,89.90548455804058,2,3,0,0,0.0,0.0,0.0,1
0.614288,86.56887860507396,1,3,0,0,0.0,0.0,0.0,1
0.70813966,88.93911592994165,1,3,0,0,0.0,0.0,0.0,0
0.71240836,89.62691870380955,1,0,0,0,0.0,0.0,0.0,1
0.59339005,84.87589138782224,1,0,0,0,0.0,0.0,0.0,0
0.58797586,88.62967789983185,1,0,0,0,0.0,0.0,0.0,1
0.6014434,88.10912023967266,1,3,0,0,0.0,0.0,0.0,1
0.6055839,85.50786426225781,1,3,0,0,0.0,0.0,0.0,1
0.5939092,82.29129457855612,1,3,0,0,0.0,0.0,0.0,1
0.57196975,87.08345932869659,1,0,0,0,0.0,0.0,0.0,0
0.7153174,88.85856442525795,1,3,0,0,0.0,0.0,0.0,0
0.6014434,88.70181126224531,1,3,0,0,0.0,0.0,0.0,0
0.7153174,88.87192773615237,1,3,0,0,0.0,0.0,0.0,0
0.58749783,90.640698508891,1,3,0,0,0.0,0.0,0.0,0
0.5939092,91.32877538708992,1,3,0,0,0.0,0.0,0.0,0
0.58749783,91.97184797908714,1,3,0,0,0.0,0.0,0.0,1
0.57620066,86.65015062628825,1,0,0,0,0.0,0.0,0.0,1
0.6722958,89.00796812749003,1,0,0,0,0.0,0.0,0.0,1
0.54255426,90.619107479573,1,0,0,0,0.0,0.0,0.0,1
0.5413004,84.32118164676405,1,0,0,0,0.0,0.0,0.0,1
0.6655448,83.60614873286222,1,3,0,0,0.0,0.0,0.0,1
0.67793864,80.32959423902483,1,2,0,0,0.0,0.0,0.0,1
0.5342302,80.57714095301597,1,0,0,0,0.0,0.0,0.0,1
0.5430884,84.80173275574815,1,3,0,0,0.0,0.0,0.0,1
0.5430884,82.26657780739748,1,3,0,0,0.0,0.0,0.0,1
0.56750226,86.1321439684668,1,3,0,0,0.0,0.0,0.0,1
0.5374945,89.13924938618007,0,1,0,0,0.0,0.0,0.0,1
0.5374945,89.52487309644687,0,1,0,0,0.0,0.0,0.0,1
0.5199967,98.7973484848489,0,0,0,0,0.0,0.0,0.0,0
0.55163205,98.99014778325083,0,3,0,0,0.0,0.0,0.0,1
0.5413004,84.87411233053538,1,0,0,0,0.0,0.0,0.0,0
0.5987154,85.13922310072199,1,0,0,0,0.0,0.0,0.0,1
0.66404,86.77015858834002,1,3,0,0,0.0,0.0,0.0,1
0.55031985,87.73786024476993,1,0,0,0,0.0,0.0,0.0,0
0.5473263,88.64189380364039,1,0,0,0,0.0,0.0,0.0,0
0.6578518,89.35312740652017,0,3,0,0,0.0,0.0,0.0,1
0.6836174,88.94382211740896,0,3,0,0,0.0,0.0,0.0,1
0.6375423,86.62475181998751,0,3,0,0,0.0,0.0,0.0,1
0.5503211,94.65673456977794,0,1,0,0,0.0,0.0,0.0,1
0.6525236,97.45443756887408,1,3,0,0,0.0,0.0,0.0,0
0.5919616,95.46869983948622,1,3,0,0,0.0,0.0,0.0,0
0.52717227,87.96929092167986,1,0,0,0,0.0,0.0,0.0,1
0.5598393,84.80264936469342,2,0,0,0,0.0,0.0,0.0,0
0.5428434,87.42155525238748,2,3,0,0,0.0,0.0,0.0,0
0.56194353,90.37053875880858,1,0,0,0,0.0,0.0,0.0,0
0.56194353,90.37565355762676,1,0,0,0,0.0,0.0,0.0,0
0.5220285,80.67243867243874,1,3,0,0,0.0,0.0,0.0,0
0.5534225,82.18470418470393,1,0,0,0,0.0,0.0,0.0,0
0.5534225,85.33403251179824,1,0,0,0,0.0,0.0,0.0,0
0.54290754,83.41428486186575,1,3,0,0,0.0,0.0,0.0,0
0.5919616,88.79761457046135,1,3,0,0,0.0,0.0,0.0,0
0.56400156,87.89340439706844,1,2,0,0,0.0,0.0,0.0,1
0.5694108,88.79915078066233,1,2,0,0,0.0,0.0,0.0,1
0.5294335,85.55539892867148,1,0,0,0,0.0,0.0,0.0,1
0.5602146,82.7047751829903,0,0,0,0,0.0,0.0,0.0,1
0.5602146,83.73823631927526,0,0,0,0,0.0,0.0,0.0,1
0.5602146,84.16695712791875,0,0,0,0,0.0,0.0,0.0,1
0.5299061,84.95468804461487,0,3,0,0,0.0,0.0,0.0,1
0.53288656,97.0633397312864,0,3,0,0,0.0,0.0,0.0,0
0.5299061,95.1346604215461,0,3,0,0,0.0,0.0,0.0,0
0.53288656,97.73398202358332,0,3,0,0,0.0,0.0,0.0,0
0.5267412,88.67510234462226,1,0,0,0,0.0,0.0,0.0,0
0.57125044,88.63417068707311,1,3,0,0,0.0,0.0,0.0,1
0.60581034,88.709866980074,1,2,0,0,0.0,0.0,0.0,1
0.53535795,83.05480010878443,2,0,0,0,0.0,0.0,0.0,0
0.5392428,88.14674580433879,2,0,0,0,0.0,0.0,0.0,1
0.54475254,81.5588962108728,2,0,0,0,0.0,0.0,0.0,0
0.58290255,85.06349562485985,2,1,0,0,0.0,0.0,0.0,0
0.57001984,90.66930347236509,2,0,0,0,0.0,0.0,0.0,0
0.568567,87.25809844341596,2,0,0,0,0.0,0.0,0.0,1
0.5583478,86.42315861237114,2,3,0,0,0.0,0.0,0.0,1
0.55952114,82.25555235073561,2,3,0,0,0.0,0.0,0.0,1
0.6030654,97.91741215200788,1,2,0,0,0.0,0.0,0.0,0
0.63353133,81.28587907986667,0,3,0,0,0.0,0.0,0.0,0
0.62457925,81.26609442060061,1,2,0,0,0.0,0.0,0.0,0
0.67468315,85.49212285168676,1,2,0,0,0.0,0.0,0.0,1
0.5634309,84.64959200406017,2,3,0,0,0.0,0.0,0.0,1
0.5821367,87.57218667082867,2,3,0,0,0.0,0.0,0.0,0
0.5893813,89.26402099048909,0,1,0,0,0.0,0.0,0.0,0
0.59663844,84.37212863705949,0,0,0,0,0.0,0.0,0.0,0
0.5877999,89.45109890109877,0,0,0,0,0.0,0.0,0.0,1
0.5647032,88.4364005009239,1,3,0,0,0.0,0.0,0.0,0
0.5647032,87.46193474527755,1,3,0,0,0.0,0.0,0.0,1
0.5814848,87.8070580983199,1,0,0,0,0.0,0.0,0.0,1
0.5663978,86.0999700688407,0,1,0,0,0.0,0.0,0.0,1
0.5640531,88.13760993274754,0,3,0,0,0.0,0.0,0.0,0
0.54918444,86.39827117016172,0,2,0,0,0.0,0.0,0.0,0
0.60453236,89.54306582346177,1,0,0,0,0.0,0.0,0.0,0
0.5203198,89.13004684363179,1,0,0,0,0.0,0.0,0.0,1
0.5571256,86.47337788316453,1,3,0,0,0.0,0.0,0.0,0
0.5780151,88.88183150694472,1,3,0,0,0.0,0.0,0.0,1
0.5588991,81.95714385426058,1,3,0,0,0.0,0.0,0.0,1
0.57973266,87.20662079226341,2,0,0,0,0.0,0.0,0.0,0
0.5708069,87.48999764650503,2,0,0,0,0.0,0.0,0.0,0
0.5392428,88.63482001358375,2,0,0,0,0.0,0.0,0.0,0
0.5691373,86.54291224686551,2,0,0,0,0.0,0.0,0.0,0
0.5392428,88.15275863602041,2,0,0,0,0.0,0.0,0.0,1
0.5691373,86.66894606376621,2,0,0,0,0.0,0.0,0.0,1
0.58988476,89.44550669216068,2,0,0,0,0.0,0.0,0.0,1
0.576547,86.42080778177215,2,0,0,0,0.0,0.0,0.0,1
0.6678162,83.19276638865067,0,1,0,0,0.0,0.0,0.0,1
0.6678162,82.80224491386718,0,1,0,0,0.0,0.0,0.0,1
0.6678162,84.15854704185826,0,1,0,0,0.0,0.0,0.0,1
0.64629996,84.49783837711985,0,0,0,0,0.0,0.0,0.0,0
0.5618798,96.2183047573054,1,3,0,0,0.0,0.0,0.0,1
0.5914851,86.29269508850638,1,0,0,0,0.0,0.0,0.0,0
0.5761778,88.9613085353705,1,0,0,0,0.0,0.0,0.0,0
0.5914851,86.57284768211892,1,0,0,0,0.0,0.0,0.0,0
0.5588057,87.4423626105729,1,3,0,0,0.0,0.0,0.0,1
0.5618798,86.73322354878555,1,3,0,0,0.0,0.0,0.0,1
0.61734086,97.62067654884078,1,0,0,0,0.0,0.0,0.0,1
0.5294335,96.85696594427245,1,0,0,0,0.0,0.0,0.0,1
0.5234667,86.70241286863268,1,0,0,0,0.0,0.0,0.0,1
0.5158137,95.27562642369008,0,3,0,0,0.0,0.0,0.0,0
0.5564368,88.3695971773009,1,3,0,0,0.0,0.0,0.0,1
0.52647614,89.09095337847737,1,3,0,0,0.0,0.0,0.0,1
0.63594097,88.9178906814354,1,3,0,0,0.0,0.0,0.0,1
0.5659701,82.71995573217971,1,0,0,0,0.0,0.0,0.0,1
0.5659701,81.62583630967302,1,0,0,0,0.0,0.0,0.0,1
0.5752185,96.19817839195976,2,2,0,0,0.0,0.0,0.0,1
0.5572487,89.30808609016296,0,3,0,0,0.0,0.0,0.0,1
0.5247592,86.35575914785574,0,3,0,0,0.0,0.0,0.0,1
0.58406186,96.8090185676387,1,0,0,0,0.0,0.0,0.0,1
0.5666608,89.47681254082244,2,3,0,0,0.0,0.0,0.0,1
0.5700564,86.01330046437002,2,2,0,0,0.0,0.0,0.0,1
0.6558281,98.15514558790862,1,0,0,0,0.0,0.0,0.0,1
0.53491795,86.87824817518222,1,0,0,0,0.0,0.0,0.0,0
0.5378871,86.48548407724795,1,0,0,0,0.0,0.0,0.0,0
0.56930643,89.43777120935748,1,0,0,0,0.0,0.0,0.0,0
0.5284374,88.82595072802167,1,0,0,0,0.0,0.0,0.0,0
0.55889976,88.07984790874528,1,3,0,0,0.0,0.0,0.0,0
0.5289647,89.24212598425167,1,3,0,0,0.0,0.0,0.0,0
0.58591807,87.66193008456105,0,1,0,0,0.0,0.0,0.0,1
0.5236405,82.47387409803453,1,3,0,0,0.0,0.0,0.0,1
0.54290754,93.1723959233034,1,3,0,0,0.0,0.0,0.0,1
0.53288656,85.80985052683266,0,3,0,0,0.0,0.0,0.0,0
0.5647032,96.10650110441176,1,3,0,0,0.0,0.0,0.0,0
0.5469374,94.00931287684278,1,0,0,0,0.0,0.0,0.0,0
0.57218194,88.54754940003556,1,0,0,0,0.0,0.0,0.0,1
0.5744148,93.55018742190816,0,1,0,0,0.0,0.0,0.0,1
0.5434973,82.6958879349298,0,1,0,0,0.0,0.0,0.0,1
0.5434973,82.61614193416153,0,1,0,0,0.0,0.0,0.0,1
0.7361087,99.50593642282686,1,0,0,0,0.0,0.0,0.0,1
0.70860386,98.6287151054085,1,0,0,0,0.0,0.0,0.0,1
0.58154804,88.83037388331256,1,2,0,0,0.0,0.0,0.0,0
0.5914851,86.01661111414627,1,2,0,0,0.0,0.0,0.0,0
0.5453932,89.6074766355143,0,3,0,0,0.0,0.0,0.0,1
0.5570284,85.22456593485443,1,0,0,0,0.0,0.0,0.0,0
0.5570284,84.44088176352729,1,0,0,0,0.0,0.0,0.0,0
0.6172339,88.75798064898325,0,3,0,0,0.0,0.0,0.0,1
0.6578518,89.36153493549901,0,3,0,0,0.0,0.0,0.0,1
0.56758106,89.1829704257396,0,3,0,0,0.0,0.0,0.0,1
0.53288656,86.95577815783021,0,3,0,0,0.0,0.0,0.0,0
0.5708069,93.83508921976434,2,0,0,0,0.0,0.0,0.0,0
0.5268719,80.20288692862859,1,3,0,0,0.0,0.0,0.0,0
0.5266976,82.55269320843075,1,3,0,0,0.0,0.0,0.0,1
0.55522215,88.69473543291257,1,3,0,0,0.0,0.0,0.0,1
0.5298287,88.04578155657273,1,3,0,0,0.0,0.0,0.0,1
0.5569892,83.03685741998048,1,3,0,0,0.0,0.0,0.0,0
0.5360306,86.62027158098951,1,3,0,0,0.0,0.0,0.0,0
0.5360306,88.17623868828959,1,3,0,0,0.0,0.0,0.0,1
0.70193887,99.57996585088203,1,0,0,0,0.0,0.0,0.0,1
0.5421553,96.53219550038756,1,0,0,0,0.0,0.0,0.0,1
0.6372385,97.9931598168222,1,0,0,0,0.0,0.0,0.0,1
0.55498147,88.68603182621845,1,3,0,0,0.0,0.0,0.0,0
0.5631275,88.55906432748542,1,3,0,0,0.0,0.0,0.0,0
0.5631275,88.61804446867335,1,3,0,0,0.0,0.0,0.0,0
0.55632,89.33809891808303,1,3,0,0,0.0,0.0,0.0,0
0.5631275,88.55710758117439,1,3,0,0,0.0,0.0,0.0,0
0.5787005,86.42125587642752,1,0,0,0,0.0,0.0,0.0,1
0.554942,92.52845808899632,1,0,0,0,0.0,0.0,0.0,0
0.554942,93.72714729216932,1,0,0,0,0.0,0.0,0.0,0
0.554942,95.14142807864772,1,0,0,0,0.0,0.0,0.0,1
0.53265506,88.27146481506242,2,0,0,0,0.0,0.0,0.0,1
0.55960244,85.93403972607396,2,0,0,0,0.0,0.0,0.0,1
0.57356507,88.67228594968066,0,1,0,0,0.0,0.0,0.0,1
0.5593582,90.2008999302871,0,0,0,0,0.0,0.0,0.0,1
0.5155013,82.78485236056312,2,2,0,0,0.0,0.0,0.0,1
0.53863347,81.21447377303753,1,3,0,0,0.0,0.0,0.0,1
0.5683301,84.50270015204752,2,3,0,0,0.0,0.0,0.0,0
0.576547,85.38509935510969,2,0,0,0,0.0,0.0,0.0,0
0.576547,86.43579929743674,2,0,0,0,0.0,0.0,0.0,0
0.576547,87.66266449955452,2,0,0,0,0.0,0.0,0.0,0
0.576547,87.62491153573974,2,0,0,0,0.0,0.0,0.0,0
0.57125044,89.02688860435312,1,3,0,0,0.0,0.0,0.0,1
0.5296105,86.5388496468218,1,3,0,0,0.0,0.0,0.0,0
0.5296105,85.77951564076692,1,3,0,0,0.0,0.0,0.0,0
0.576798,83.98085942451505,0,0,0,0,0.0,0.0,0.0,1
0.5444334,93.0122993537626,1,3,0,0,0.0,0.0,0.0,1
0.5444334,92.29414217219096,1,3,0,0,0.0,0.0,0.0,1
0.6608388,88.57872792674938,0,1,0,0,0.0,0.0,0.0,0
0.6608388,88.65872440659528,0,1,0,0,0.0,0.0,0.0,0
0.6608388,88.92300910960893,0,1,0,0,0.0,0.0,0.0,0
0.5583106,89.6566806470936,0,0,0,0,0.0,0.0,0.0,1
0.6646533,87.87264833574528,0,0,0,0,0.0,0.0,0.0,1
0.57556385,88.86909871244626,0,0,0,0,0.0,0.0,0.0,1
0.6172339,88.19368023895599,0,3,0,0,0.0,0.0,0.0,1
0.6172339,88.64889961927717,0,3,0,0,0.0,0.0,0.0,1
0.56758106,89.13835281326445,0,3,0,0,0.0,0.0,0.0,1
0.5580181,83.41078561917448,0,3,0,0,0.0,0.0,0.0,1
0.598983,88.14060076152796,0,3,0,0,0.0,0.0,0.0,1
0.5960132,97.32708333333356,0,3,0,0,0.0,0.0,0.0,0
0.61324584,97.93449757295112,0,3,0,0,0.0,0.0,0.0,1
0.5327919,85.31332912192048,2,0,0,0,0.0,0.0,0.0,0
0.54078215,89.38104639684157,0,1,0,0,0.0,0.0,0.0,1
0.5494408,81.91989373658967,2,0,0,0,0.0,0.0,0.0,0
0.5246119,83.81806534272837,2,0,0,0,0.0,0.0,0.0,0
0.5196258,87.80616554054106,2,3,0,0,0.0,0.0,0.0,0
0.5196258,88.458248615298,2,3,0,0,0.0,0.0,0.0,0
0.53820354,86.15736330729617,2,2,0,0,0.0,0.0,0.0,1
0.5417628,83.87250128873326,2,1,0,0,0.0,0.0,0.0,1
0.5271415,88.05049088359083,0,0,0,0,0.0,0.0,0.0,1
0.52401596,80.14642262895131,0,0,0,0,0.0,0.0,0.0,0
0.52502716,83.18136439267768,0,0,0,0,0.0,0.0,0.0,0
0.6085061,86.32878877692121,0,3,0,0,0.0,0.0,0.0,1
0.6197803,85.69062119366572,0,3,0,0,0.0,0.0,0.0,1
0.60831743,86.29265029150312,0,0,0,0,0.0,0.0,0.0,1
0.5904137,87.03563864075917,0,0,0,0,0.0,0.0,0.0,1
0.55922145,88.39813374805583,1,0,0,0,0.0,0.0,0.0,1
0.53809553,82.0062811749488,2,0,0,0,0.0,0.0,0.0,0
0.5762817,86.46342141863674,2,0,0,0,0.0,0.0,0.0,0
0.5311408,85.87672741838585,2,3,0,0,0.0,0.0,0.0,0
0.5301827,88.82316450153232,2,3,0,0,0.0,0.0,0.0,1
0.5301827,88.74679568184311,2,3,0,0,0.0,0.0,0.0,1
0.5301827,87.58272290982599,2,3,0,0,0.0,0.0,0.0,1
0.5497276,87.1162123385937,0,1,0,0,0.0,0.0,0.0,1
0.5497276,87.13260914121773,0,1,0,0,0.0,0.0,0.0,1
0.5531441,85.9687034277197,0,0,0,0,0.0,0.0,0.0,0
0.5531441,85.38662486938344,0,0,0,0,0.0,0.0,0.0,0
0.5560788,84.99892311005775,1,2,0,0,0.0,0.0,0.0,0
0.6006784,87.09408349347872,1,2,0,0,0.0,0.0,0.0,1
0.61868656,88.06148219106569,0,3,0,0,0.0,0.0,0.0,0
0.550454,90.98098256735148,0,0,0,0,0.0,0.0,0.0,0
0.52714956,86.03182944223468,1,3,0,0,0.0,0.0,0.0,0
0.5983633,85.45518453427027,1,0,0,0,0.0,0.0,0.0,0
0.5796943,88.0707504520797,1,0,0,0,0.0,0.0,0.0,0
0.5796943,87.70070540812875,1,3,0,0,0.0,0.0,0.0,0
0.5244469,87.24494970839346,2,0,0,0,0.0,0.0,0.0,0
0.5248478,82.17972256221954,2,0,0,0,0.0,0.0,0.0,0
0.57677543,84.24375422012177,0,0,0,0,0.0,0.0,0.0,0
0.61926997,86.82984469952784,0,0,0,0,0.0,0.0,0.0,0
0.6015389,88.87656033287065,0,0,0,0,0.0,0.0,0.0,0
0.5790634,89.16097652230853,0,3,0,0,0.0,0.0,0.0,0
0.56680554,86.89558665231428,0,3,0,0,0.0,0.0,0.0,0
0.52001685,80.93451028067001,2,0,0,0,0.0,0.0,0.0,1
0.5196258,96.48493543758978,2,0,0,0,0.0,0.0,0.0,1
0.5209321,86.6378244746602,2,3,0,0,0.0,0.0,0.0,0
0.5209321,86.57292954264551,2,3,0,0,0.0,0.0,0.0,0
0.5174016,88.17676143386925,2,0,0,0,0.0,0.0,0.0,0
0.51957446,89.387010800954,0,0,0,0,0.0,0.0,0.0,1
0.5266149,86.45996897183988,0,0,0,0,0.0,0.0,0.0,1
0.597573,95.66040559754542,1,2,0,0,0.0,0.0,0.0,1
0.5271415,87.85105407882722,2,0,0,0,0.0,0.0,0.0,0
0.5209199,89.61353905211854,2,2,0,0,0.0,0.0,0.0,1
0.5196156,88.76578508458414,2,0,0,0,0.0,0.0,0.0,0
0.5275421,82.57015252380572,2,0,0,0,0.0,0.0,0.0,0
0.5301827,87.5156734412681,0,0,0,0,0.0,0.0,0.0,0
0.5301827,87.31859756097556,0,2,0,0,0.0,0.0,0.0,0
0.59186834,89.62013709994329,0,3,0,0,0.0,0.0,0.0,1
0.5301827,87.07438232602692,0,3,0,0,0.0,0.0,0.0,0
0.57779,86.87380130418086,0,3,0,0,0.0,0.0,0.0,0
0.55950135,88.62478777589138,0,3,0,0,0.0,0.0,0.0,0
0.5205859,86.06274125359997,2,0,0,0,0.0,0.0,0.0,0
0.53820354,86.7006846660637,2,2,0,0,0.0,0.0,0.0,0
0.55788916,88.92171091949047,0,3,0,0,0.0,0.0,0.0,0
0.51898056,88.16929555349364,0,3,0,0,0.0,0.0,0.0,0
0.62459886,87.87858930060784,1,3,0,0,0.0,0.0,0.0,0
0.5319555,81.92206270143552,1,0,0,0,0.0,0.0,0.0,0
0.5175493,85.6043340183073,2,3,0,0,0.0,0.0,0.0,1
0.593938,97.69742679680505,0,0,0,0,0.0,0.0,0.0,1
0.5701646,96.95207667731547,0,3,0,0,0.0,0.0,0.0,1
0.5701646,96.30579643998128,0,3,0,0,0.0,0.0,0.0,1
0.5163846,85.58923705722046,0,0,0,0,0.0,0.0,0.0,1
0.5163846,85.3099455040858,0,0,0,0,0.0,0.0,0.0,1
0.5579776,87.99743339036908,2,3,0,0,0.0,0.0,0.0,0
0.5807081,89.30949389806185,1,3,0,0,0.0,0.0,0.0,0
0.5481317,88.31232585909524,1,3,0,0,0.0,0.0,0.0,0
0.5702697,96.10030970406058,1,3,0,0,0.0,0.0,0.0,0
0.5702697,97.68059549991489,1,3,0,0,0.0,0.0,0.0,0
0.60288256,99.0403936846425,1,3,0,0,0.0,0.0,0.0,0
0.59750134,98.6894472361808,1,3,0,0,0.0,0.0,0.0,0
0.59750134,98.4745762711864,1,3,0,0,0.0,0.0,0.0,1
0.5196258,87.91924629878893,2,3,0,0,0.0,0.0,0.0,1
0.51823753,83.8309009448609,0,1,0,0,0.0,0.0,0.0,1
0.5431095,83.28793860621933,0,1,0,0,0.0,0.0,0.0,1
0.5503263,89.52524307391873,2,0,0,0,0.0,0.0,0.0,1
0.5271415,87.61697629984938,2,0,0,0,0.0,0.0,0.0,0
0.6954282,85.34019516107483,0,1,0,0,0.0,0.0,0.0,0
0.6015389,86.9963908568375,0,3,0,0,0.0,0.0,0.0,1
0.6015389,88.71140221895475,0,3,0,0,0.0,0.0,0.0,1
0.57722884,87.93443189675088,0,0,0,0,0.0,0.0,0.0,1
0.527849,89.53147410358586,0,3,0,0,0.0,0.0,0.0,0
0.5200503,89.51143372950203,0,3,0,0,0.0,0.0,0.0,1
0.6153056,86.00466635557709,0,0,0,0,0.0,0.0,0.0,1
0.58640635,82.73448436770917,0,0,0,0,0.0,0.0,0.0,0
0.5848402,88.22771815212367,0,0,0,0,0.0,0.0,0.0,1
0.61324584,87.91636204123348,0,3,0,0,0.0,0.0,0.0,1
0.5431019,85.92792792792737,2,3,0,0,0.0,0.0,0.0,1
0.52497125,85.77336448598082,1,0,0,0,0.0,0.0,0.0,0
0.52497125,85.40537383177674,1,0,0,0,0.0,0.0,0.0,0
0.567358,83.29384164222911,2,1,0,0,0.0,0.0,0.0,0
0.5550841,83.3982404692085,2,1,0,0,0.0,0.0,0.0,0
0.5426946,84.36011730205276,2,1,0,0,0.0,0.0,0.0,1
0.5426946,84.42697947214101,2,1,0,0,0.0,0.0,0.0,1
0.5939001,85.78768328445757,2,1,0,0,0.0,0.0,0.0,1
0.5939001,85.88269794721433,0,1,0,0,0.0,0.0,0.0,1
0.53530926,85.16886165080223,1,0,0,0,0.0,0.0,0.0,1
0.53530926,85.69826574520822,1,0,0,0,0.0,0.0,0.0,1
0.51623964,86.8174726989077,2,0,0,0,0.0,0.0,0.0,1
0.5630115,89.50021222410889,2,3,0,0,0.0,0.0,0.0,1
0.5486967,86.84255848442771,2,3,0,0,0.0,0.0,0.0,1
0.53918153,81.4752362948964,1,0,0,0,0.0,0.0,0.0,1
0.53918153,83.21739130434827,1,0,0,0,0.0,0.0,0.0,1
0.5267751,83.40793950850669,1,0,0,0,0.0,0.0,0.0,1
0.6378718,85.74669187145554,1,3,0,0,0.0,0.0,0.0,1
0.5584466,89.31691980019767,1,2,0,0,0.0,0.0,0.0,1
0.6077081,80.30201950618165,2,1,0,0,0.0,0.0,0.0,1
0.527849,89.5160738714092,0,1,0,0,0.0,0.0,0.0,1
0.5287922,98.8583829615425,1,0,0,0,0.0,0.0,0.0,1
0.52322686,82.01443174984988,0,1,0,0,0.0,0.0,0.0,1
0.57175034,88.74225885497911,1,3,0,0,0.0,0.0,0.0,0
0.543724,89.9093198992446,1,3,0,0,0.0,0.0,0.0,1
0.5301827,88.7828213032848,2,0,0,0,0.0,0.0,0.0,1
0.5301827,87.4920559799879,2,0,0,0,0.0,0.0,0.0,1
0.5323475,85.45568250963406,2,0,0,0,0.0,0.0,0.0,1
0.5323475,85.79947265228832,2,0,0,0,0.0,0.0,0.0,1
0.529318,85.05326258657664,2,0,0,0,0.0,0.0,0.0,0
0.529318,85.08971606788434,2,0,0,0,0.0,0.0,0.0,0
0.6082418,86.08156142958666,2,1,0,0,0.0,0.0,0.0,1
0.578783,87.19640664383047,2,1,0,0,0.0,0.0,0.0,1
0.5427105,97.1306126424467,0,3,0,0,0.0,0.0,0.0,1
0.5733538,81.59096429438907,1,0,0,0,0.0,0.0,0.0,1
0.51927686,86.168822328114,2,3,0,0,0.0,0.0,0.0,0
0.5301827,87.94514374981208,2,3,0,0,0.0,0.0,0.0,0
0.66869885,86.36358460487305,0,0,0,0,0.0,0.0,0.0,0
0.5187641,86.11679375116282,0,0,0,0,0.0,0.0,0.0,0
0.5178748,87.93014705882395,0,3,0,0,0.0,0.0,0.0,1
0.53727645,89.41394609628487,1,3,0,0,0.0,0.0,0.0,1
0.53169686,89.42140600315932,1,3,0,0,0.0,0.0,0.0,1
0.5162234,86.8507775857812,1,3,0,0,0.0,0.0,0.0,1
0.5231829,89.37909155000563,2,0,0,0,0.0,0.0,0.0,0
0.55257976,89.52239229024946,2,0,0,0,0.0,0.0,0.0,0
0.59672,86.85292195058163,2,2,0,0,0.0,0.0,0.0,0
0.6249304,87.9931389365353,2,2,0,0,0.0,0.0,0.0,0
0.6249304,89.04953113140571,2,2,0,0,0.0,0.0,0.0,0
0.51529014,88.54700024289521,2,2,0,0,0.0,0.0,0.0,0
0.5378727,89.52499643925373,2,2,0,0,0.0,0.0,0.0,0
0.54828304,89.52991265417201,2,2,0,0,0.0,0.0,0.0,0
0.5442458,87.61205216609228,0,0,0,0,0.0,0.0,0.0,1
0.55948293,88.42747995991985,1,3,0,0,0.0,0.0,0.0,0
0.5621346,88.4338810404408,1,3,0,0,0.0,0.0,0.0,0
0.6430527,89.49949037068875,1,3,0,0,0.0,0.0,0.0,1
0.53437614,87.84951024042749,0,3,0,0,0.0,0.0,0.0,1
0.56099737,89.55661501787834,2,1,0,0,0.0,0.0,0.0,0
0.62663275,89.56135677499583,2,1,0,0,0.0,0.0,0.0,1
0.75139624,89.00087032201904,2,1,0,0,0.0,0.0,0.0,1
0.59841275,87.79349725145936,1,0,0,0,0.0,0.0,0.0,1
0.6009972,88.58627087198514,1,0,0,0,0.0,0.0,0.0,0
0.6009972,88.64922966678628,1,0,0,0,0.0,0.0,0.0,1
0.53338015,89.2147156660858,1,0,0,0,0.0,0.0,0.0,1
0.5759492,86.13422818791938,1,0,0,0,0.0,0.0,0.0,0
0.542233,88.33462642563424,1,0,0,0,0.0,0.0,0.0,0
0.542233,88.87950200088919,1,0,0,0,0.0,0.0,0.0,1
0.5928866,89.28156383300332,1,0,0,0,0.0,0.0,0.0,1
0.5314189,85.8813685384903,2,3,0,0,0.0,0.0,0.0,1
0.5296862,82.3424102515786,0,3,0,0,0.0,0.0,0.0,0
0.5296862,82.99255629887915,0,3,0,0,0.0,0.0,0.0,0
0.5296862,84.8892867238292,0,3,0,0,0.0,0.0,0.0,0
0.52397346,86.14098125040827,2,0,0,0,0.0,0.0,0.0,0
0.5248656,88.29377431906624,2,0,0,0,0.0,0.0,0.0,0
0.52808076,84.60993993189744,2,2,0,0,0.0,0.0,0.0,1
0.5779087,87.72314597572195,2,0,0,0,0.0,0.0,0.0,0
0.5334672,88.75879880488174,2,0,0,0,0.0,0.0,0.0,1
0.59841275,95.43778801843274,1,0,0,0,0.0,0.0,0.0,0
0.56522995,97.24234616550528,0,0,0,0,0.0,0.0,0.0,1
0.5523515,98.47763347763284,0,0,0,0,0.0,0.0,0.0,0
0.5523515,97.12335485980492,0,0,0,0,0.0,0.0,0.0,0
0.5501916,98.7139431809922,1,0,0,0,0.0,0.0,0.0,0
0.5501916,98.72521835574692,1,3,0,0,0.0,0.0,0.0,0
0.5198762,87.63236576554078,1,0,0,0,0.0,0.0,0.0,0
0.5623252,85.73153762051508,2,0,0,0,0.0,0.0,0.0,0
0.5201014,85.69190292939587,2,3,0,0,0.0,0.0,0.0,1
0.52528507,87.30975143403414,0,3,0,0,0.0,0.0,0.0,0
0.52520645,88.34401652805013,0,2,0,0,0.0,0.0,0.0,0
0.53770137,89.43466283387262,0,2,0,0,0.0,0.0,0.0,0
0.5486368,86.33478216921083,0,2,0,0,0.0,0.0,0.0,1
0.542963,87.94668369919653,0,2,0,0,0.0,0.0,0.0,1
0.5389784,88.85740593479281,0,3,0,0,0.0,0.0,0.0,0
0.5415741,88.35815560586184,0,3,0,0,0.0,0.0,0.0,0
0.5345022,88.3906522497384,0,3,0,0,0.0,0.0,0.0,0
0.516748,87.97974944225159,0,3,0,0,0.0,0.0,0.0,0
0.54748887,89.28722126651262,0,3,0,0,0.0,0.0,0.0,1
0.5419477,89.00894700619403,0,2,0,0,0.0,0.0,0.0,0
0.5419477,89.08939140992544,0,2,0,0,0.0,0.0,0.0,0
0.52967143,81.78881055947222,0,2,0,0,0.0,0.0,0.0,0
0.58508545,85.71739426084602,1,0,0,0,0.0,0.0,0.0,1
0.55484307,84.65940450254149,1,0,0,0,0.0,0.0,0.0,1
0.5511326,89.55210068480523,0,0,0,0,0.0,0.0,0.0,0
0.5862751,96.2001477104876,1,3,0,0,0.0,0.0,0.0,1
0.52808076,83.96548930654558,2,0,0,0,0.0,0.0,0.0,1
0.524958,96.01908499749892,2,2,0,0,0.0,0.0,0.0,1
0.524958,96.41694563084384,2,2,0,0,0.0,0.0,0.0,1
0.59215057,86.00089980416007,1,3,0,0,0.0,0.0,0.0,0
0.57789034,97.01743989163552,0,0,0,0,0.0,0.0,0.0,0
0.63070565,97.12518575043175,1,3,0,0,0.0,0.0,0.0,1
0.52606934,87.8921634293365,0,0,0,0,0.0,0.0,0.0,0
0.5356799,86.26407146488502,0,3,0,0,0.0,0.0,0.0,0
0.55178607,97.83686860979708,1,3,0,0,0.0,0.0,0.0,1
0.579239,96.9612815062252,1,0,0,0,0.0,0.0,0.0,1
0.55178607,98.36152859102374,1,0,0,0,0.0,0.0,0.0,1
0.5256606,97.8477101128181,1,3,0,0,0.0,0.0,0.0,1
0.5539303,86.37502516375804,0,0,0,0,0.0,0.0,0.0,0
0.52228755,87.60180006990561,0,3,0,0,0.0,0.0,0.0,0
0.52606934,88.61424854068494,0,2,0,0,0.0,0.0,0.0,0
0.5232622,81.87877964259042,1,0,0,0,0.0,0.0,0.0,1
0.544674,86.97290037475906,2,0,0,0,0.0,0.0,0.0,0
0.52032053,89.0256555176521,2,3,0,0,0.0,0.0,0.0,0
0.52636874,87.15578867836817,2,3,0,0,0.0,0.0,0.0,1
0.52636874,87.18678196933621,2,2,0,0,0.0,0.0,0.0,1
0.5360819,84.79278883148305,2,1,0,0,0.0,0.0,0.0,0
0.5280549,86.71931196247074,2,1,0,0,0.0,0.0,0.0,0
0.5380989,86.3801697027235,2,0,0,0,0.0,0.0,0.0,1
0.5288021,89.67073969015918,2,1,0,0,0.0,0.0,0.0,0
0.6029501,97.3858946975511,2,1,0,0,0.0,0.0,0.0,0
0.52606934,88.4851881706887,0,2,0,0,0.0,0.0,0.0,0
0.51795644,99.36640881518169,1,0,0,0,0.0,0.0,0.0,1
0.5698963,99.56911124698776,0,3,0,0,0.0,0.0,0.0,1
0.544674,96.79233752497358,2,0,0,0,0.0,0.0,0.0,0
0.55939925,80.57544861337686,2,0,0,0,0.0,0.0,0.0,1
0.5537827,80.48858075040796,2,0,0,0,0.0,0.0,0.0,1
0.58771896,80.3360763867077,1,3,0,0,0.0,0.0,0.0,0
0.5217235,83.96821408379932,2,2,0,0,0.0,0.0,0.0,0
0.5221824,89.52572845629255,0,3,0,0,0.0,0.0,0.0,0
0.5507773,88.42417441487666,0,3,0,0,0.0,0.0,0.0,0
0.5546756,87.5807663410969,1,3,0,0,0.0,0.0,0.0,1
0.5771695,89.81598971397273,2,3,0,0,0.0,0.0,0.0,1
0.6252058,89.45493073813918,2,1,0,0,0.0,0.0,0.0,1
0.61960244,89.94278151881959,2,3,0,0,0.0,0.0,0.0,1
0.68588394,88.3801596633456,0,3,0,0,0.0,0.0,0.0,1
0.5535114,89.75400594485632,2,1,0,0,0.0,0.0,0.0,0
0.5535114,89.60305524105654,2,1,0,0,0.0,0.0,0.0,0
0.5535114,89.74851536276807,2,1,0,0,0.0,0.0,0.0,0
0.5824342,89.39651687391876,2,3,0,0,0.0,0.0,0.0,0
0.67856777,89.70787680384817,2,3,0,0,0.0,0.0,0.0,0
0.55759585,89.52538764846756,2,1,0,0,0.0,0.0,0.0,1
0.6092842,89.57849398485078,1,3,0,0,0.0,0.0,0.0,1
0.5263494,88.7352889513441,1,3,0,0,0.0,0.0,0.0,1
0.5471981,81.66024926537658,0,2,0,0,0.0,0.0,0.0,1
0.52143914,88.80706696469572,0,0,0,0,0.0,0.0,0.0,0
0.52143914,87.47395245314661,0,0,0,0,0.0,0.0,0.0,0
0.5201268,84.36929430517309,2,3,0,0,0.0,0.0,0.0,0
0.6650796,83.45009372071192,0,3,0,0,0.0,0.0,0.0,1
0.5628023,86.221542443673,1,3,0,0,0.0,0.0,0.0,0
0.56980276,87.12202777422968,1,0,0,0,0.0,0.0,0.0,0
0.5531937,87.91900089206071,1,3,0,0,0.0,0.0,0.0,0
0.5531937,89.07356400410137,1,2,0,0,0.0,0.0,0.0,1
0.5531937,88.56682441253258,1,2,0,0,0.0,0.0,0.0,1
0.5185061,98.09918913822357,0,0,0,0,0.0,0.0,0.0,0
0.5501194,99.5917126555044,0,0,0,0,0.0,0.0,0.0,1
0.5185061,98.33217239878094,0,0,0,0,0.0,0.0,0.0,1
0.5501194,99.46315910220642,0,0,0,0,0.0,0.0,0.0,1
0.51653504,87.97227225588139,2,3,0,0,0.0,0.0,0.0,1
0.5307151,86.68740789258229,2,3,0,0,0.0,0.0,0.0,0
0.55069816,87.17081850533802,0,1,0,0,0.0,0.0,0.0,0
0.55069816,87.76975088967933,0,1,0,0,0.0,0.0,0.0,0
0.55839735,85.50617117420921,0,3,0,0,0.0,0.0,0.0,0
0.5295166,88.1286864714911,0,3,0,0,0.0,0.0,0.0,0
0.52620417,87.1879735920707,0,2,0,0,0.0,0.0,0.0,0
0.56264126,89.47715085101426,2,1,0,0,0.0,0.0,0.0,0
0.5713773,89.63152709359626,2,1,0,0,0.0,0.0,0.0,0
0.5713773,89.45568056187814,2,1,0,0,0.0,0.0,0.0,0
0.67219007,89.64014937195883,0,0,0,0,0.0,0.0,0.0,0
0.53689253,88.89059192759655,0,3,0,0,0.0,0.0,0.0,1
0.62907714,85.57288790723376,0,1,0,0,0.0,0.0,0.0,0
0.62907714,85.6101601325237,0,1,0,0,0.0,0.0,0.0,0
0.62907714,85.99427112092754,0,1,0,0,0.0,0.0,0.0,1
0.6450323,88.49916095650956,0,3,0,0,0.0,0.0,0.0,1
0.5614124,99.50817152518034,0,0,0,0,0.0,0.0,0.0,0
0.58913845,99.33424303361062,0,3,0,0,0.0,0.0,0.0,1
0.5325955,98.10028431119136,0,3,0,0,0.0,0.0,0.0,1
0.5928036,99.49226361031546,0,3,0,0,0.0,0.0,0.0,1
0.5380989,85.83235086064576,2,0,0,0,0.0,0.0,0.0,0
0.5161713,83.03648921215094,0,3,0,0,0.0,0.0,0.0,0
0.5278903,89.0832340601859,0,0,0,0,0.0,0.0,0.0,0
0.52520645,86.87651331719084,0,0,0,0,0.0,0.0,0.0,0
0.5442458,88.74585662692355,0,0,0,0,0.0,0.0,0.0,0
0.5442458,86.94610778443109,0,0,0,0,0.0,0.0,0.0,0
0.5428631,80.8889048835784,0,1,0,0,0.0,0.0,0.0,0
0.5408174,80.34044697160539,0,1,0,0,0.0,0.0,0.0,0
0.54321533,88.71594982078854,1,0,0,0,0.0,0.0,0.0,0
0.5362217,87.96141342002899,2,0,0,0,0.0,0.0,0.0,1
0.5362217,88.17998436672636,2,0,0,0,0.0,0.0,0.0,1
0.5479246,86.8959211662515,0,0,0,0,0.0,0.0,0.0,0
0.5479246,86.48901915455744,0,0,0,0,0.0,0.0,0.0,0
0.5751481,86.78824955272115,1,2,0,0,0.0,0.0,0.0,1
0.54905945,85.58564413633732,2,3,0,0,0.0,0.0,0.0,0
0.54905945,86.29910456383607,2,3,0,0,0.0,0.0,0.0,0
0.5205428,84.62882726747553,2,3,0,0,0.0,0.0,0.0,0
0.5593342,81.12809653652045,0,2,0,0,0.0,0.0,0.0,0
0.5540934,86.04521230875012,2,3,0,0,0.0,0.0,0.0,1
0.52032053,88.15793528505387,2,3,0,0,0.0,0.0,0.0,1
0.56363195,95.10210889144236,1,3,0,0,0.0,0.0,0.0,0
0.5709118,97.83537051184096,1,3,0,0,0.0,0.0,0.0,1
0.5709118,97.76178010471214,1,3,0,0,0.0,0.0,0.0,1
0.5445784,86.05547296768654,0,3,0,0,0.0,0.0,0.0,0
0.5194651,87.92547061083394,0,3,0,0,0.0,0.0,0.0,1
0.5177937,85.0793704864422,0,3,0,0,0.0,0.0,0.0,1
0.53939074,85.09421456301521,1,0,0,0,0.0,0.0,0.0,0
0.5586514,85.5248771075483,1,3,0,0,0.0,0.0,0.0,0
0.594857,84.79078782350958,1,3,0,0,0.0,0.0,0.0,1
0.54252774,87.84483579248008,2,1,0,0,0.0,0.0,0.0,1
0.5379559,89.40382081686467,0,1,0,0,0.0,0.0,0.0,1
0.6541284,89.6017892210345,0,3,0,0,0.0,0.0,0.0,1
0.62483835,88.25385179750533,0,3,0,0,0.0,0.0,0.0,1
0.516175,89.5548961424335,2,3,0,0,0.0,0.0,0.0,1
0.64820385,99.50472614269134,0,3,0,0,0.0,0.0,0.0,0
0.5281695,92.30847074230644,0,3,0,0,0.0,0.0,0.0,1
0.5194651,97.45265524023608,0,3,0,0,0.0,0.0,0.0,0
0.5194651,97.83530845054842,0,3,0,0,0.0,0.0,0.0,0
0.5606519,97.462275581011,1,3,0,0,0.0,0.0,0.0,0
0.5545343,98.15278613222549,1,3,0,0,0.0,0.0,0.0,1
0.5503425,88.94526764722033,1,3,0,0,0.0,0.0,0.0,1
0.5606519,87.00693756194245,1,3,0,0,0.0,0.0,0.0,1
0.55665606,81.19242699128,2,3,0,0,0.0,0.0,0.0,0
0.528243,83.405005590436,0,3,0,0,0.0,0.0,0.0,0
0.6223688,99.40000000000003,0,1,0,0,0.0,0.0,0.0,0
0.6223688,99.55654790333357,0,1,0,0,0.0,0.0,0.0,0
0.63201606,88.98676712064139,0,3,0,0,0.0,0.0,0.0,1
0.65986484,89.27433570542536,0,3,0,0,0.0,0.0,0.0,1
0.5615843,89.78711362646929,1,0,0,0,0.0,0.0,0.0,1
0.5398709,89.16018860711087,1,0,0,0,0.0,0.0,0.0,1
0.52041626,86.65280437756465,2,0,0,0,0.0,0.0,0.0,0
0.5160541,98.58602042859977,0,0,0,0,0.0,0.0,0.0,0
0.66388017,99.49691257718592,0,3,0,0,0.0,0.0,0.0,0
0.5194651,97.64192840708428,0,3,0,0,0.0,0.0,0.0,0
0.5308904,85.92600846891085,0,0,0,0,0.0,0.0,0.0,1
0.572368,82.48773022323098,1,0,0,0,0.0,0.0,0.0,0
0.57577825,97.0234575202046,1,3,0,0,0.0,0.0,0.0,1
0.5300964,84.15265998457934,0,1,0,0,0.0,0.0,0.0,1
0.5300964,84.55358519660743,0,1,0,0,0.0,0.0,0.0,1
0.60578597,89.54835983307825,1,3,0,0,0.0,0.0,0.0,1
0.56775993,87.4985837153008,1,3,0,0,0.0,0.0,0.0,0
0.63708144,89.43644046225097,1,3,0,0,0.0,0.0,0.0,1
0.61250556,88.1973443664001,1,3,0,0,0.0,0.0,0.0,1
0.61250556,86.87004182893398,1,3,0,0,0.0,0.0,0.0,1
0.5195387,85.50435463803518,0,3,0,0,0.0,0.0,0.0,0
0.5195387,82.87169370747608,0,2,0,0,0.0,0.0,0.0,0
0.5195387,83.1506904464755,0,2,0,0,0.0,0.0,0.0,0
0.54038835,82.13978018438766,0,2,0,0,0.0,0.0,0.0,0
0.54038835,80.73900841908315,0,3,0,0,0.0,0.0,0.0,0
0.56204927,87.83791523482174,0,0,0,0,0.0,0.0,0.0,0
0.52731675,86.72777535282957,1,0,0,0,0.0,0.0,0.0,1
0.5160541,98.42869718309872,0,3,0,0,0.0,0.0,0.0,0
0.5281695,97.46695441057469,0,3,0,0,0.0,0.0,0.0,0
0.5194651,97.01474201474252,0,3,0,0,0.0,0.0,0.0,0
0.54469377,95.94450717857704,1,3,0,0,0.0,0.0,0.0,0
0.54469377,94.89111146959206,1,3,0,0,0.0,0.0,0.0,0
0.54469377,94.01193740925964,1,3,0,0,0.0,0.0,0.0,0
0.54469377,94.54266817228547,1,3,0,0,0.0,0.0,0.0,0
0.54955184,80.49376797698976,0,3,0,0,0.0,0.0,0.0,0
0.5593037,81.32790028763203,0,3,0,0,0.0,0.0,0.0,0
0.5182288,86.92917341072751,0,1,0,0,0.0,0.0,0.0,0
0.5182288,87.33604956186878,0,1,0,0,0.0,0.0,0.0,0
0.5182288,87.86515599709833,0,1,0,0,0.0,0.0,0.0,0
0.5182288,87.3913043478261,0,1,0,0,0.0,0.0,0.0,1
0.5884699,87.97460152909174,0,3,0,0,0.0,0.0,0.0,1
0.5398873,87.0913855224369,1,0,0,0,0.0,0.0,0.0,1
0.58048636,87.67638168025977,1,0,0,0,0.0,0.0,0.0,1
0.5687574,84.11412793373225,0,1,0,0,0.0,0.0,0.0,0
0.5577474,83.9760699493786,0,1,0,0,0.0,0.0,0.0,1
0.6207965,82.87105939656345,0,3,0,0,0.0,0.0,0.0,0
0.59941185,87.85390591281828,0,0,0,0,0.0,0.0,0.0,1
0.57372534,82.14717306862346,0,0,0,0,0.0,0.0,0.0,0
0.51616114,83.03545103545048,0,0,0,0,0.0,0.0,0.0,0
0.5221455,86.32009715915106,0,3,0,0,0.0,0.0,0.0,1
0.66979927,83.31700928193177,0,3,0,0,0.0,0.0,0.0,1
0.66203576,84.28392460566016,0,3,0,0,0.0,0.0,0.0,1
0.66203576,84.22754968395884,0,3,0,0,0.0,0.0,0.0,1
0.66203576,85.2081316553729,0,3,0,0,0.0,0.0,0.0,1
0.54368573,89.70155337167697,1,2,0,0,0.0,0.0,0.0,1
0.5782849,81.67104422517201,0,1,0,0,0.0,0.0,0.0,0
0.5194651,97.79592574734804,0,3,0,0,0.0,0.0,0.0,1
0.5265008,83.28822438066152,0,3,0,0,0.0,0.0,0.0,1
0.67224306,82.72635635932406,0,3,0,0,0.0,0.0,0.0,0
0.5359106,86.3255739412639,0,2,0,0,0.0,0.0,0.0,1
0.5308904,85.73631457208938,0,0,0,0,0.0,0.0,0.0,1
0.5487864,98.91773762150108,0,0,0,0,0.0,0.0,0.0,1
0.53188443,88.08527232549076,1,0,0,0,0.0,0.0,0.0,1
0.52969474,87.6600678733033,1,3,0,0,0.0,0.0,0.0,1
0.5601232,99.34925457500174,2,2,0,0,0.0,0.0,0.0,1
0.5514589,88.05608667941405,2,1,0,0,0.0,0.0,0.0,1
0.51779026,80.31189692360091,0,1,0,0,0.0,0.0,0.0,1
0.5156149,96.94779422988844,1,0,0,0,0.0,0.0,0.0,1
0.6789187,99.62290279627184,2,3,0,0,0.0,0.0,0.0,0
0.5997999,99.68445430859812,2,1,0,0,0.0,0.0,0.0,1
0.66518444,99.86414221708333,2,1,0,0,0.0,0.0,0.0,1
0.5304149,86.75181310570501,1,2,0,0,0.0,0.0,0.0,0
0.54676306,89.35305552180776,1,3,0,0,0.0,0.0,0.0,0
0.5206727,88.33926031294496,1,3,0,0,0.0,0.0,0.0,1
0.6792898,99.47577780934772,1,0,0,0,0.0,0.0,0.0,0
0.5293338,89.6437080752171,2,3,0,0,0.0,0.0,0.0,1
0.52211666,86.51570076738369,0,1,0,0,0.0,0.0,0.0,1
0.58604753,87.79154207603597,1,3,0,0,0.0,0.0,0.0,1
0.5177937,84.14459880918619,0,3,0,0,0.0,0.0,0.0,0
0.5177937,86.09923447689229,0,3,0,0,0.0,0.0,0.0,0
0.5177937,86.3477718915549,0,3,0,0,0.0,0.0,0.0,0
0.541788,88.68876717169469,1,3,0,0,0.0,0.0,0.0,0
0.5904677,84.54801710730956,1,3,0,0,0.0,0.0,0.0,1
0.6071528,99.60933094078456,0,2,0,0,0.0,0.0,0.0,0
0.5177937,86.39251660716704,0,3,0,0,0.0,0.0,0.0,0
0.5169367,80.56642388490928,2,1,0,0,0.0,0.0,0.0,0
0.5571259,86.0304878048774,1,0,0,0,0.0,0.0,0.0,1
0.5782337,87.12804878048718,1,0,0,0,0.0,0.0,0.0,1
0.5534828,87.69283536585368,1,0,0,0,0.0,0.0,0.0,1
0.5321385,86.23628048780455,1,0,0,0,0.0,0.0,0.0,1
0.568401,85.0101208721305,1,0,0,0,0.0,0.0,0.0,0
0.5782337,89.16558018252951,1,0,0,0,0.0,0.0,0.0,0
0.55735046,86.30858618463537,1,0,0,0,0.0,0.0,0.0,0
0.5486704,88.17078861409253,1,0,0,0,0.0,0.0,0.0,1
0.6540775,99.88670212765972,2,0,0,0,0.0,0.0,0.0,1
0.51956594,81.17273985239885,1,0,0,0,0.0,0.0,0.0,0
0.51956594,83.05119926199282,1,0,0,0,0.0,0.0,0.0,0
0.5192371,89.26339660675256,2,3,0,0,0.0,0.0,0.0,0
0.5192371,89.48119613114226,2,3,0,0,0.0,0.0,0.0,0
0.5192371,89.43174287607712,2,3,0,0,0.0,0.0,0.0,0
0.5192371,89.57394308274385,2,3,0,0,0.0,0.0,0.0,0
0.7213187,89.89502438143386,0,3,0,0,0.0,0.0,0.0,0
0.523328,88.88782251584676,0,3,0,0,0.0,0.0,0.0,0
0.54889494,80.0685178507035,0,0,0,0,0.0,0.0,0.0,0
0.5319437,80.48683736025988,0,1,0,0,0.0,0.0,0.0,0
0.58182174,87.98585343228218,1,2,0,0,0.0,0.0,0.0,0
0.5865167,88.79070036435158,1,3,0,0,0.0,0.0,0.0,0
0.6141522,88.5239275705971,1,3,0,0,0.0,0.0,0.0,0
0.5202211,88.99667161246308,0,3,0,0,0.0,0.0,0.0,0
0.5365473,89.33941929757806,0,0,0,0,0.0,0.0,0.0,1
0.5317068,89.68448851000761,0,0,0,0,0.0,0.0,0.0,1
0.5683104,99.26936190940124,1,3,0,0,0.0,0.0,0.0,0
0.56430876,82.12658898305101,0,1,0,0,0.0,0.0,0.0,1
0.5865167,87.35175007231688,1,0,0,0,0.0,0.0,0.0,1
0.5396745,84.81013382134273,1,0,0,0,0.0,0.0,0.0,1
0.5396745,81.4804668237358,1,0,0,0,0.0,0.0,0.0,0
0.71314865,99.78469656992075,2,1,0,0,0.0,0.0,0.0,1
0.626385,96.92581794622662,0,0,0,0,0.0,0.0,0.0,1
0.5655119,85.26596361107892,1,0,0,0,0.0,0.0,0.0,0
0.5689792,87.3778703286802,1,0,0,0,0.0,0.0,0.0,0
0.53400934,85.90100965759467,1,0,0,0,0.0,0.0,0.0,0
0.5865167,88.34363675122636,1,0,0,0,0.0,0.0,0.0,0
0.60389435,89.30987316587934,1,0,0,0,0.0,0.0,0.0,1
0.5431448,99.26065839179716,1,0,0,0,0.0,0.0,0.0,0
0.5566839,98.15644236892372,1,0,0,0,0.0,0.0,0.0,1
0.53169256,97.94626239382752,1,0,0,0,0.0,0.0,0.0,1
0.5650717,98.836707879931,1,0,0,0,0.0,0.0,0.0,1
0.5814234,88.30815825793589,1,0,0,0,0.0,0.0,0.0,0
0.63865876,93.40764331210192,0,1,0,0,0.0,0.0,0.0,0
0.54043806,81.77225007617523,1,0,0,0,0.0,0.0,0.0,0
0.55615306,84.53200742361709,1,3,0,0,0.0,0.0,0.0,1
0.5753133,85.15442785518428,1,3,0,0,0.0,0.0,0.0,1
0.543132,87.95123452568194,0,1,0,0,0.0,0.0,0.0,0
0.60195625,88.6165204365505,1,0,0,0,0.0,0.0,0.0,1
0.6465942,88.2026480615236,1,1,0,0,0.0,0.0,0.0,1
0.53191185,84.75482028088534,1,0,0,0,0.0,0.0,0.0,1
0.58311146,95.4501231916102,1,3,0,0,0.0,0.0,0.0,0
0.6003084,98.25396496749366,1,3,0,0,0.0,0.0,0.0,0
0.59316003,88.09478435305897,1,3,0,0,0.0,0.0,0.0,1
0.5544061,97.14521425187468,2,3,0,0,0.0,0.0,0.0,1
0.55158883,94.768787897348,2,2,0,0,0.0,0.0,0.0,1
0.63385844,88.21211726384344,1,0,0,0,0.0,0.0,0.0,0
0.53181535,87.5611236344719,0,0,0,0,0.0,0.0,0.0,0
0.53181535,87.97138129076235,0,0,0,0,0.0,0.0,0.0,0
0.5192668,83.26999394632406,1,3,0,0,0.0,0.0,0.0,0
0.5348528,80.99044864464912,1,3,0,0,0.0,0.0,0.0,1
0.53814346,91.87878344519848,2,0,0,0,0.0,0.0,0.0,0
0.53814346,91.28074763620408,2,0,0,0,0.0,0.0,0.0,0
0.5359922,91.82518714222807,2,0,0,0,0.0,0.0,0.0,0
0.5359922,91.78225451343046,2,0,0,0,0.0,0.0,0.0,0
0.526408,85.6978518829406,0,0,0,0,0.0,0.0,0.0,1
0.61977464,88.40529805567103,1,3,0,0,0.0,0.0,0.0,1
0.5611826,96.62268109540678,0,0,0,0,0.0,0.0,0.0,1
0.6171408,97.60535336223384,1,0,0,0,0.0,0.0,0.0,0
0.53532916,88.12022646958252,2,0,0,0,0.0,0.0,0.0,0
0.53532916,88.19408519489942,2,0,0,0,0.0,0.0,0.0,1
0.51740694,88.25362289092331,2,3,0,0,0.0,0.0,0.0,1
0.5548769,89.38386524822677,2,3,0,0,0.0,0.0,0.0,1
0.53532916,88.51266194371593,2,3,0,0,0.0,0.0,0.0,1
0.7050908,87.43676278945411,1,3,0,0,0.0,0.0,0.0,0
0.8118109,88.9927057020407,1,2,0,0,0.0,0.0,0.0,1
0.71691203,89.79350753267309,2,1,0,0,0.0,0.0,0.0,1
0.7235159,89.95099851276198,2,1,0,0,0.0,0.0,0.0,1
0.7235159,89.8896921683214,2,1,0,0,0.0,0.0,0.0,1
0.53641945,89.53304306439398,2,1,0,0,0.0,0.0,0.0,1
0.55249673,88.94212639790447,0,0,0,0,0.0,0.0,0.0,1
0.66031724,90.28420835055786,1,3,0,0,0.0,0.0,0.0,0
0.67023426,94.48259852170996,1,0,0,0,0.0,0.0,0.0,0
0.5496806,95.35174386212496,2,0,0,0,0.0,0.0,0.0,0
0.51863337,98.5430672659061,2,0,0,0,0.0,0.0,0.0,0
0.5470566,94.55931228429016,2,3,0,0,0.0,0.0,0.0,0
0.59419495,85.47948406393135,0,0,0,0,0.0,0.0,0.0,0
0.55249673,89.09299605838771,0,0,0,0,0.0,0.0,0.0,1
0.55260754,89.31228545751893,2,0,0,0,0.0,0.0,0.0,0
0.6123814,89.20478402795655,2,0,0,0,0.0,0.0,0.0,0
0.62072176,89.83828849332797,2,0,0,0,0.0,0.0,0.0,1
0.62363845,88.72942465086557,1,3,0,0,0.0,0.0,0.0,0
0.6381711,89.6742126428991,1,3,0,0,0.0,0.0,0.0,0
0.6381711,89.41987346483067,1,3,0,0,0.0,0.0,0.0,0
0.61977464,88.81854179220113,1,3,0,0,0.0,0.0,0.0,0
0.61977464,88.09949409780783,1,3,0,0,0.0,0.0,0.0,0
0.61977464,89.19655268279134,1,3,0,0,0.0,0.0,0.0,0
0.61977464,87.84796284622607,1,3,0,0,0.0,0.0,0.0,0
0.61977464,88.45660032676803,1,3,0,0,0.0,0.0,0.0,0
0.61977464,88.65188920765205,1,3,0,0,0.0,0.0,0.0,0
0.6597733,88.24857521452186,1,3,0,0,0.0,0.0,0.0,0
0.6419559,89.43968048866435,1,3,0,0,0.0,0.0,0.0,1
0.6129016,88.03606745386243,1,3,0,0,0.0,0.0,0.0,0
0.630208,88.90921211128916,1,3,0,0,0.0,0.0,0.0,1
0.72883767,86.08571754245978,1,0,0,0,0.0,0.0,0.0,0
0.7253833,85.69664500930888,1,0,0,0,0.0,0.0,0.0,0
0.58660704,85.2296819787985,1,0,0,0,0.0,0.0,0.0,0
0.7115087,85.50172878908776,1,0,0,0,0.0,0.0,0.0,0
0.7115087,85.55948174322721,1,0,0,0,0.0,0.0,0.0,0
0.74341875,87.70579639551877,1,3,0,0,0.0,0.0,0.0,1
0.62878907,88.02825021620055,2,3,0,0,0.0,0.0,0.0,1
0.61977464,87.1630836253432,1,3,0,0,0.0,0.0,0.0,1
0.59316003,87.78787413660777,1,3,0,0,0.0,0.0,0.0,0
0.5825694,88.33113342898115,1,2,0,0,0.0,0.0,0.0,0
0.61049706,86.80344593062819,1,0,0,0,0.0,0.0,0.0,0
0.5700581,97.78677133871332,1,0,0,0,0.0,0.0,0.0,0
0.5662625,98.90302753835432,1,0,0,0,0.0,0.0,0.0,0
0.5940545,99.39666544125636,1,3,0,0,0.0,0.0,0.0,0
0.5940545,99.28597395376698,1,3,0,0,0.0,0.0,0.0,0
0.543132,89.22603303993435,0,1,0,0,0.0,0.0,0.0,0
0.56609625,89.21825576141028,0,0,0,0,0.0,0.0,0.0,0
0.6225589,89.66632858297046,1,3,0,0,0.0,0.0,0.0,1
0.60386145,88.85921800828586,1,3,0,0,0.0,0.0,0.0,1
0.59316003,89.12976049909207,1,0,0,0,0.0,0.0,0.0,1
0.55655503,95.52000809942037,0,0,0,0,0.0,0.0,0.0,1
0.55249673,97.31618112328825,0,0,0,0,0.0,0.0,0.0,1
0.60324377,93.18272843438297,1,3,0,0,0.0,0.0,0.0,1
0.60324377,87.20302031266607,1,0,0,0,0.0,0.0,0.0,0
0.5967582,94.9692651281506,1,3,0,0,0.0,0.0,0.0,0
0.7859777,89.7690861899224,1,3,0,0,0.0,0.0,0.0,0
0.5612383,85.76230858397909,1,3,0,0,0.0,0.0,0.0,0
0.5666341,96.87286410021318,2,2,0,0,0.0,0.0,0.0,1
0.5828016,88.56083499930246,1,3,0,0,0.0,0.0,0.0,0
0.6029791,88.11311544004832,1,0,0,0,0.0,0.0,0.0,0
0.6029791,87.98898135664145,1,0,0,0,0.0,0.0,0.0,0
0.6172747,88.7931034482761,1,0,0,0,0.0,0.0,0.0,0
0.5888245,86.81172417048182,1,2,0,0,0.0,0.0,0.0,0
0.5822971,87.8557908968003,1,3,0,0,0.0,0.0,0.0,1
0.55034405,88.19748871021028,2,0,0,0,0.0,0.0,0.0,1
0.57224655,94.3828811616354,1,0,0,0,0.0,0.0,0.0,0
0.57224655,94.59280664883455,1,0,0,0,0.0,0.0,0.0,0
0.59316003,88.89702744986494,1,3,0,0,0.0,0.0,0.0,1
0.5200662,88.12318339100348,2,2,0,0,0.0,0.0,0.0,1
0.55034405,96.37429143758256,2,3,0,0,0.0,0.0,0.0,1
0.5454744,80.98718591166147,0,3,0,0,0.0,0.0,0.0,0
0.5678895,81.4842140564363,0,0,0,0,0.0,0.0,0.0,1
0.56361234,81.65195931797751,0,0,0,0,0.0,0.0,0.0,1
0.59021336,90.71495840527392,0,3,0,0,0.0,0.0,0.0,0
0.6266948,91.88039554230082,1,3,0,0,0.0,0.0,0.0,0
0.66039395,90.13238729774132,1,3,0,0,0.0,0.0,0.0,0
0.5789192,98.2279697167669,1,3,0,0,0.0,0.0,0.0,1
0.5847677,98.18534710183106,1,0,0,0,0.0,0.0,0.0,1
0.5847677,98.55384159003242,1,0,0,0,0.0,0.0,0.0,1
0.619347,87.7642814447955,1,3,0,0,0.0,0.0,0.0,1
0.52741945,85.15989603107377,0,3,0,0,0.0,0.0,0.0,1
0.5504545,80.20770300106273,1,0,0,0,0.0,0.0,0.0,0
0.5667647,86.0592658115874,1,3,0,0,0.0,0.0,0.0,1
0.56496954,87.61019894322506,0,3,0,0,0.0,0.0,0.0,1
0.5461427,84.28645901212046,1,3,0,0,0.0,0.0,0.0,1
0.57999486,84.79169589002694,1,3,0,0,0.0,0.0,0.0,1
0.57999486,84.57988497685562,1,3,0,0,0.0,0.0,0.0,1
0.6253452,84.93337073923394,1,3,0,0,0.0,0.0,0.0,1
0.54853505,84.60653668116103,1,3,0,0,0.0,0.0,0.0,1
0.6114451,84.19644162807688,1,0,0,0,0.0,0.0,0.0,1
0.6114451,80.49178695868696,1,0,0,0,0.0,0.0,0.0,1
0.60021496,83.58926632542232,1,0,0,0,0.0,0.0,0.0,0
0.56611323,84.43141231309428,0,0,0,0,0.0,0.0,0.0,1
0.5361549,90.563365394778,0,1,0,0,0.0,0.0,0.0,0
0.55918527,90.71398372265072,0,0,0,0,0.0,0.0,0.0,0
0.63806486,91.4750026424274,0,3,0,0,0.0,0.0,0.0,0
0.63806486,92.5768946200192,0,3,0,0,0.0,0.0,0.0,0
0.63806486,91.35292252404632,0,3,0,0,0.0,0.0,0.0,0
0.63806486,94.54761653102148,0,3,0,0,0.0,0.0,0.0,0
0.63806486,96.16953810379415,0,3,0,0,0.0,0.0,0.0,0
0.59471,98.00866715992058,0,3,0,0,0.0,0.0,0.0,0
0.5530555,98.8188352182646,0,3,0,0,0.0,0.0,0.0,0
0.5530555,98.66187506606056,0,3,0,0,0.0,0.0,0.0,0
0.5938969,96.08722638308424,0,3,0,0,0.0,0.0,0.0,0
0.5938969,95.67881822319713,0,3,0,0,0.0,0.0,0.0,0
0.5938969,95.3436504324086,0,3,0,0,0.0,0.0,0.0,0
0.5938969,96.2461207431628,0,3,0,0,0.0,0.0,0.0,0
0.57428765,86.0577140823656,1,2,0,0,0.0,0.0,0.0,0
0.57963574,89.01124648547336,1,2,0,0,0.0,0.0,0.0,0
0.5779737,89.05746377991215,1,2,0,0,0.0,0.0,0.0,0
0.5975491,88.60169732870082,1,2,0,0,0.0,0.0,0.0,1
0.5975491,87.49633637695861,1,2,0,0,0.0,0.0,0.0,1
0.59499854,88.8282113641389,1,2,0,0,0.0,0.0,0.0,0
0.6138468,89.42004193797572,1,2,0,0,0.0,0.0,0.0,0
0.59499854,89.22936968052292,1,2,0,0,0.0,0.0,0.0,0
0.66619915,88.65147732572493,1,2,0,0,0.0,0.0,0.0,0
0.6685207,89.06523816022951,1,3,0,0,0.0,0.0,0.0,1
0.5163464,97.88030244777704,1,3,0,0,0.0,0.0,0.0,0
0.5937045,87.0300495522115,2,0,0,0,0.0,0.0,0.0,1
0.5218227,89.37026435426874,2,0,0,0,0.0,0.0,0.0,1
0.5402427,87.03279987323714,1,0,0,0,0.0,0.0,0.0,1
0.5218227,89.32377049180354,2,0,0,0,0.0,0.0,0.0,0
0.5265611,87.07766287728424,1,0,0,0,0.0,0.0,0.0,1
0.54297054,88.24731897124396,1,3,0,0,0.0,0.0,0.0,1
0.5266606,87.30863865287742,0,0,0,0,0.0,0.0,0.0,0
0.5402427,88.55249277622326,1,0,0,0,0.0,0.0,0.0,0
0.5170179,88.99977934686643,1,0,0,0,0.0,0.0,0.0,0
0.5252947,96.59348329579012,2,0,0,0,0.0,0.0,0.0,1
0.54138786,89.40615928309995,1,3,0,0,0.0,0.0,0.0,0
0.53312504,88.26073638424313,1,3,0,0,0.0,0.0,0.0,0
0.5578779,96.16890856461772,2,2,0,0,0.0,0.0,0.0,0
0.54591566,86.93897821093769,1,0,0,0,0.0,0.0,0.0,1
0.573362,85.25435894368513,1,0,0,0,0.0,0.0,0.0,0
0.54287934,88.51957557483875,2,1,0,0,0.0,0.0,0.0,0
0.5575201,84.00223803933098,1,3,0,0,0.0,0.0,0.0,1
0.5293906,93.03673803673792,2,0,0,0,0.0,0.0,0.0,0
0.5364493,95.59845559845542,2,0,0,0,0.0,0.0,0.0,1
0.57373846,96.38382619191292,1,0,0,0,0.0,0.0,0.0,1
0.5492199,89.0326888832357,2,0,0,0,0.0,0.0,0.0,0
0.54941696,85.56261670983673,2,0,0,0,0.0,0.0,0.0,0
0.55838686,88.33885434716152,2,3,0,0,0.0,0.0,0.0,1
0.55218244,85.83345658926191,2,0,0,0,0.0,0.0,0.0,0
0.5667318,84.83990047647691,2,2,0,0,0.0,0.0,0.0,1
0.62355137,87.61924121444713,2,2,0,0,0.0,0.0,0.0,1
0.53151274,85.6329815978843,1,0,0,0,0.0,0.0,0.0,1
0.54773426,85.47427401234381,1,3,0,0,0.0,0.0,0.0,1
0.5490029,83.50406330196759,1,3,0,0,0.0,0.0,0.0,1
0.51757854,92.93374966060286,1,3,0,0,0.0,0.0,0.0,1
0.51925504,86.02438016528994,1,3,0,0,0.0,0.0,0.0,1
0.53700686,88.03019069367424,1,1,0,0,0.0,0.0,0.0,0
0.53700686,88.38162460333982,1,1,0,0,0.0,0.0,0.0,0
0.5349529,88.82927210246814,1,3,0,0,0.0,0.0,0.0,0
0.5227892,89.40384565883298,1,3,0,0,0.0,0.0,0.0,0
0.5227892,89.36440677966091,1,3,0,0,0.0,0.0,0.0,0
0.5219312,88.8335142603375,1,3,0,0,0.0,0.0,0.0,0
0.5274084,87.97449971693675,1,3,0,0,0.0,0.0,0.0,0
0.69286853,89.78600418152752,1,3,0,0,0.0,0.0,0.0,1
0.53419966,85.639206973167,1,3,0,0,0.0,0.0,0.0,1
0.53780395,86.6800546915056,1,0,0,0,0.0,0.0,0.0,1
0.5158189,89.87130961392833,1,0,0,0,0.0,0.0,0.0,0
0.5301265,88.77819833459489,1,0,0,0,0.0,0.0,0.0,1
0.82307744,99.8667998668,2,0,0,0,0.0,0.0,0.0,0
0.52532554,89.67034326358085,2,3,0,0,0.0,0.0,0.0,1
0.52532554,89.67884653367547,2,3,0,0,0.0,0.0,0.0,1
0.565366,88.53425743422754,0,0,0,0,0.0,0.0,0.0,0
0.565366,88.11886021111715,0,0,0,0,0.0,0.0,0.0,1
0.51500267,89.36645887672591,0,0,0,0,0.0,0.0,0.0,0
0.565366,88.698051486275,0,0,0,0,0.0,0.0,0.0,0
0.59418577,89.71342763474632,0,2,0,0,0.0,0.0,0.0,1
0.5937045,87.17495951551726,2,0,0,0,0.0,0.0,0.0,1
0.6146623,97.55674074074044,2,0,0,0,0.0,0.0,0.0,1
0.5154326,97.16576649456324,0,3,0,0,0.0,0.0,0.0,0
0.52076966,86.5266839563159,0,3,0,0,0.0,0.0,0.0,0
0.5154326,88.87201400674854,0,3,0,0,0.0,0.0,0.0,1
0.5788408,88.91990580451639,1,3,0,0,0.0,0.0,0.0,1
0.57967883,89.6440251393471,1,3,0,0,0.0,0.0,0.0,1
0.596045,87.89448179156192,2,3,0,0,0.0,0.0,0.0,0
0.6062461,88.63951011714586,2,0,0,0,0.0,0.0,0.0,0
0.6062461,88.0525001687025,2,0,0,0,0.0,0.0,0.0,0
0.8789796,89.94102455382937,2,3,0,0,0.0,0.0,0.0,0
0.6135448,88.90162109575978,2,3,0,0,0.0,0.0,0.0,0
0.61982584,89.45039897105792,2,3,0,0,0.0,0.0,0.0,1
0.59205735,89.44477563407762,0,3,0,0,0.0,0.0,0.0,0
0.5227705,89.37249926365635,0,0,0,0,0.0,0.0,0.0,1
0.52519447,86.86895112751782,1,0,0,0,0.0,0.0,0.0,1
0.5498826,85.55404964823747,1,0,0,0,0.0,0.0,0.0,1
0.5498826,85.67336061929618,1,0,0,0,0.0,0.0,0.0,1
0.5491962,85.92168355101946,0,3,0,0,0.0,0.0,0.0,0
0.561284,85.29752671601443,0,0,0,0,0.0,0.0,0.0,0
0.63437873,88.7779930492609,0,3,0,0,0.0,0.0,0.0,1
0.6300716,89.4179803640564,0,3,0,0,0.0,0.0,0.0,1
0.63437873,88.74346754874296,0,3,0,0,0.0,0.0,0.0,1
0.5265172,88.6888280479291,2,0,0,0,0.0,0.0,0.0,1
0.5265172,87.6203607478367,2,0,0,0,0.0,0.0,0.0,1
0.5608846,86.98806438532453,0,0,0,0,0.0,0.0,0.0,0
0.5993881,83.53149851354351,0,3,0,0,0.0,0.0,0.0,0
0.5824923,81.1015611296263,1,3,0,0,0.0,0.0,0.0,0
0.5778924,86.33105303163208,1,0,0,0,0.0,0.0,0.0,1
0.58661777,88.258315076678,2,1,0,0,0.0,0.0,0.0,1
0.6339593,97.38530348370166,0,2,0,0,0.0,0.0,0.0,1
0.53174883,96.6748567491114,0,1,0,0,0.0,0.0,0.0,1
0.5501095,96.83821444926612,2,1,0,0,0.0,0.0,0.0,1
0.5186993,84.81597271564603,0,3,0,0,0.0,0.0,0.0,1
0.5614843,83.8909090909089,1,0,0,0,0.0,0.0,0.0,0
0.5925401,85.42616783258651,2,2,0,0,0.0,0.0,0.0,1
0.5457378,89.3650094029149,2,1,0,0,0.0,0.0,0.0,0
0.53183806,89.1929643041903,2,1,0,0,0.0,0.0,0.0,0
0.540757,88.27937218536003,2,1,0,0,0.0,0.0,0.0,1
0.5229532,93.30752201505368,1,0,0,0,0.0,0.0,0.0,1
0.52460134,98.6030327034062,0,3,0,0,0.0,0.0,0.0,1
0.5166918,89.02583005376657,1,0,0,0,0.0,0.0,0.0,0
0.57332665,84.32179276629864,2,1,0,0,0.0,0.0,0.0,1
0.5284818,81.59004581921016,2,2,0,0,0.0,0.0,0.0,0
0.5566966,86.63530967151422,2,0,0,0,0.0,0.0,0.0,1
0.52767545,85.13603897444406,1,0,0,0,0.0,0.0,0.0,0
0.54641116,88.73842028278906,1,0,0,0,0.0,0.0,0.0,0
0.5360574,89.06215166357052,1,3,0,0,0.0,0.0,0.0,1
0.5537266,88.09587282780411,1,3,0,0,0.0,0.0,0.0,1
0.5537266,87.74934760130648,1,3,0,0,0.0,0.0,0.0,1
0.5886375,88.69361848405217,2,0,0,0,0.0,0.0,0.0,0
0.5315678,87.62396938269272,2,0,0,0,0.0,0.0,0.0,0
0.7270142,89.7731376181207,2,0,0,0,0.0,0.0,0.0,1
0.5463154,89.42085358294646,2,1,0,0,0.0,0.0,0.0,0
0.545621,89.64447396479689,0,2,0,0,0.0,0.0,0.0,1
0.52601707,88.93511788302405,0,2,0,0,0.0,0.0,0.0,1
0.53956795,86.88826591910336,1,0,0,0,0.0,0.0,0.0,1
0.5341071,98.85435981692324,1,0,0,0,0.0,0.0,0.0,1
0.5341071,98.95380277784196,1,0,0,0,0.0,0.0,0.0,1
0.53857166,86.86967860704173,2,3,0,0,0.0,0.0,0.0,1
0.5549014,86.44722798149935,2,2,0,0,0.0,0.0,0.0,1
0.5549014,88.7888693218827,2,2,0,0,0.0,0.0,0.0,1
0.5645715,89.59323212423216,2,0,0,0,0.0,0.0,0.0,1
0.7642561,89.88580031579345,2,1,0,0,0.0,0.0,0.0,0
0.5154326,88.2767419038274,0,3,0,0,0.0,0.0,0.0,0
0.52601707,86.42566289396912,0,2,0,0,0.0,0.0,0.0,0
0.7433295,89.90928091786378,2,3,0,0,0.0,0.0,0.0,1
0.5154326,98.64390403809496,0,3,0,0,0.0,0.0,0.0,1
0.5238705,91.06409083571022,1,3,0,0,0.0,0.0,0.0,0
0.5206407,88.58408769718497,1,0,0,0,0.0,0.0,0.0,1
0.5388306,89.50765822543086,1,3,0,0,0.0,0.0,0.0,0
0.536771,89.83881440739461,1,3,0,0,0.0,0.0,0.0,0
0.536771,89.35563958595944,1,3,0,0,0.0,0.0,0.0,0
0.5501607,82.9566229734391,1,0,0,0,0.0,0.0,0.0,1
0.5205894,82.5928564707147,1,0,0,0,0.0,0.0,0.0,1
0.5154326,97.0784383147188,0,3,0,0,0.0,0.0,0.0,0
0.5444033,87.01158539271373,2,3,0,0,0.0,0.0,0.0,1
0.52182114,86.26556305209704,2,0,0,0,0.0,0.0,0.0,1
0.51574993,88.63185092112468,2,1,0,0,0.0,0.0,0.0,0
0.5259441,88.93909768122569,2,3,0,0,0.0,0.0,0.0,0
0.5259441,87.82651622002797,2,3,0,0,0.0,0.0,0.0,1
0.5259441,88.06283202051647,2,3,0,0,0.0,0.0,0.0,1
0.53557074,89.48263925312067,0,0,0,0,0.0,0.0,0.0,1
0.5630917,95.47000623371636,1,0,0,0,0.0,0.0,0.0,0
0.5483475,88.08533424389634,1,0,0,0,0.0,0.0,0.0,0
0.5483475,88.2227600812551,1,0,0,0,0.0,0.0,0.0,1
0.54053396,88.75646499031441,1,3,0,0,0.0,0.0,0.0,1
0.54053396,88.04843226621267,1,3,0,0,0.0,0.0,0.0,1
0.54315156,92.32114178358216,1,3,0,0,0.0,0.0,0.0,1
0.54559153,83.49705085124316,2,0,0,0,0.0,0.0,0.0,1
0.5751392,95.9708033734641,1,3,0,0,0.0,0.0,0.0,1
0.64197326,83.57466199903429,2,3,0,0,0.0,0.0,0.0,0
0.5486291,87.3633980502991,0,3,0,0,0.0,0.0,0.0,0
0.5155161,88.53997706234136,0,3,0,0,0.0,0.0,0.0,0
0.5173138,88.36758581879576,0,3,0,0,0.0,0.0,0.0,1
0.5498398,88.99244552227078,1,0,0,0,0.0,0.0,0.0,1
0.545906,88.66608274511827,1,0,0,0,0.0,0.0,0.0,1
0.6452202,81.59036295958916,2,0,0,0,0.0,0.0,0.0,0
0.6583689,82.21042546842355,2,3,0,0,0.0,0.0,0.0,0
0.66256773,83.51510106641959,2,3,0,0,0.0,0.0,0.0,1
0.6640221,83.77188987137008,2,3,0,0,0.0,0.0,0.0,1
0.68550855,82.6132776303185,2,3,0,0,0.0,0.0,0.0,1
0.51746374,86.51901556021228,0,3,0,0,0.0,0.0,0.0,0
0.53126687,86.70848147055628,1,0,0,0,0.0,0.0,0.0,0
0.5421063,86.39779087359943,1,0,0,0,0.0,0.0,0.0,1
0.5488943,88.7599558165224,0,3,0,0,0.0,0.0,0.0,0
0.5488943,87.2863962469877,0,3,0,0,0.0,0.0,0.0,0
0.5802652,85.58444935639064,1,3,0,0,0.0,0.0,0.0,0
0.5901667,87.32784989828315,1,3,0,0,0.0,0.0,0.0,1
0.5785457,80.40906230333545,1,3,0,0,0.0,0.0,0.0,0
0.5894188,81.27358145389087,1,3,0,0,0.0,0.0,0.0,0
0.57311475,81.95061981354348,1,0,0,0,0.0,0.0,0.0,0
0.6165791,87.17344562794155,2,3,0,0,0.0,0.0,0.0,1
0.58131903,98.10171902786024,2,3,0,0,0.0,0.0,0.0,0
0.58131903,98.18296147934215,2,3,0,0,0.0,0.0,0.0,0
0.58131903,97.76416620464953,2,3,0,0,0.0,0.0,0.0,0
0.6488207,99.15911973476328,2,3,0,0,0.0,0.0,0.0,0
0.6488207,99.12538101419058,2,3,0,0,0.0,0.0,0.0,0
0.6834185,98.7843943694606,2,3,0,0,0.0,0.0,0.0,0
0.6488207,99.35485264886356,2,3,0,0,0.0,0.0,0.0,0
0.6488207,99.2739786856128,2,3,0,0,0.0,0.0,0.0,0
0.6377574,88.82052264089803,2,3,0,0,0.0,0.0,0.0,0
0.6377574,88.66472269950015,2,3,0,0,0.0,0.0,0.0,0
0.6145647,89.2911875739697,2,3,0,0,0.0,0.0,0.0,1
0.7120798,89.75649392524582,2,3,0,0,0.0,0.0,0.0,1
0.62383467,88.5034389276569,2,3,0,0,0.0,0.0,0.0,1
0.5293184,88.38995958408775,1,0,0,0,0.0,0.0,0.0,1
0.5825885,86.36753100338208,2,0,0,0,0.0,0.0,0.0,0
0.5850905,88.11236494597816,2,0,0,0,0.0,0.0,0.0,0
0.56819177,85.33679232287989,2,0,0,0,0.0,0.0,0.0,0
0.5850905,87.1939378525155,2,0,0,0,0.0,0.0,0.0,0
0.6285662,89.05728479391477,2,3,0,0,0.0,0.0,0.0,0
0.65139425,88.91016518424416,2,3,0,0,0.0,0.0,0.0,0
0.65139425,88.10990717798904,2,3,0,0,0.0,0.0,0.0,0
0.56403315,89.21939247123335,2,0,0,0,0.0,0.0,0.0,0
0.56403315,94.7126680392395,2,0,0,0,0.0,0.0,0.0,0
0.58350885,96.6405711425684,2,0,0,0,0.0,0.0,0.0,0
0.6523935,98.34635983263588,2,2,0,0,0.0,0.0,0.0,1
0.5617928,98.5163173589819,1,3,0,0,0.0,0.0,0.0,0
0.5427931,98.95554102647934,1,3,0,0,0.0,0.0,0.0,0
0.5418462,98.64661911946231,1,3,0,0,0.0,0.0,0.0,0
0.5418462,98.78963264225636,1,3,0,0,0.0,0.0,0.0,1
0.54886997,99.54197385760584,1,3,0,0,0.0,0.0,0.0,1
0.59383076,98.86951828996472,1,3,0,0,0.0,0.0,0.0,1
0.56217885,98.8440422936156,1,0,0,0,0.0,0.0,0.0,0
0.6133944,86.83230054722596,1,3,0,0,0.0,0.0,0.0,1
0.5917407,88.53362933515744,1,3,0,0,0.0,0.0,0.0,1
0.6133944,86.97962154294024,1,3,0,0,0.0,0.0,0.0,1
0.5612987,85.82860974613129,2,3,0,0,0.0,0.0,0.0,0
0.56344444,86.61016797071285,2,2,0,0,0.0,0.0,0.0,0
0.57736844,84.85508936903304,2,2,0,0,0.0,0.0,0.0,0
0.583908,86.40101213121818,2,2,0,0,0.0,0.0,0.0,0
0.53386015,86.27702328159613,1,0,0,0,0.0,0.0,0.0,0
0.54534245,85.19135452807464,1,3,0,0,0.0,0.0,0.0,1
0.5228828,87.87398664465404,1,3,0,0,0.0,0.0,0.0,1
0.5474059,88.91023166023133,2,0,0,0,0.0,0.0,0.0,1
0.5474059,86.66258771046651,2,0,0,0,0.0,0.0,0.0,1
0.526005,89.33251533742323,2,0,0,0,0.0,0.0,0.0,0
0.5313904,90.262576687117,2,0,0,0,0.0,0.0,0.0,0
0.53052527,96.16605316973424,2,0,0,0,0.0,0.0,0.0,1
0.54889864,84.47677197861894,2,3,0,0,0.0,0.0,0.0,1
0.55425465,91.90243334497616,2,3,0,0,0.0,0.0,0.0,0
0.5433565,95.29965901866736,2,0,0,0,0.0,0.0,0.0,0
0.5593669,93.71338848964304,2,2,0,0,0.0,0.0,0.0,1
0.5574497,87.9710477941174,1,0,0,0,0.0,0.0,0.0,1
0.52996874,95.03041595878764,1,2,0,0,0.0,0.0,0.0,0
0.6478455,98.57222668389278,1,2,0,0,0.0,0.0,0.0,1
0.6478455,98.34313238142592,1,3,0,0,0.0,0.0,0.0,1
0.6478455,98.46079478959972,1,3,0,0,0.0,0.0,0.0,1
0.55954844,97.90065792777848,1,3,0,0,0.0,0.0,0.0,1
0.5605053,86.6490396901847,2,0,0,0,0.0,0.0,0.0,0
0.5245306,83.19791002052028,0,2,0,0,0.0,0.0,0.0,0
0.52448916,83.40173475194425,0,2,0,0,0.0,0.0,0.0,0
0.52162474,83.80628028487138,0,3,0,0,0.0,0.0,0.0,0
0.52162474,84.19323688158491,0,3,0,0,0.0,0.0,0.0,0
0.5845407,84.92291154485473,2,0,0,0,0.0,0.0,0.0,0
0.5467551,91.0116202406461,2,0,0,0,0.0,0.0,0.0,1
0.5467551,90.97360703812338,2,0,0,0,0.0,0.0,0.0,1
0.5683273,86.30749574105673,1,0,0,0,0.0,0.0,0.0,0
0.5294333,87.68993589916913,1,0,0,0,0.0,0.0,0.0,1
0.5442977,88.22741194487011,1,0,0,0,0.0,0.0,0.0,0
0.55679935,86.8690189920007,1,3,0,0,0.0,0.0,0.0,1
0.5459124,86.44255778573888,1,0,0,0,0.0,0.0,0.0,1
0.5591261,81.53938520653197,1,0,0,0,0.0,0.0,0.0,0
0.5459124,86.88360550752483,1,0,0,0,0.0,0.0,0.0,1
0.57783115,81.64585334614117,1,0,0,0,0.0,0.0,0.0,0
0.54196256,97.39865850102056,2,3,0,0,0.0,0.0,0.0,1
0.53962475,91.3318197395472,1,3,0,0,0.0,0.0,0.0,1
0.54465693,88.7969924812028,1,0,0,0,0.0,0.0,0.0,0
0.53600514,86.94055099081653,1,0,0,0,0.0,0.0,0.0,0
0.5231621,84.63307984790889,0,3,0,0,0.0,0.0,0.0,1
0.5512601,85.13517786561299,1,0,0,0,0.0,0.0,0.0,0
0.53284645,87.96094169371976,1,0,0,0,0.0,0.0,0.0,0
0.5271895,88.87283675741348,1,3,0,0,0.0,0.0,0.0,0
0.53459173,88.59326026836027,1,3,0,0,0.0,0.0,0.0,1
0.51672965,85.06300311999009,2,3,0,0,0.0,0.0,0.0,0
0.5162072,86.84057469274758,1,0,0,0,0.0,0.0,0.0,1
0.60049623,98.78672116300126,0,2,0,0,0.0,0.0,0.0,1
0.5760268,99.46054118895468,0,3,0,0,0.0,0.0,0.0,1
0.67733026,99.75871682786632,0,3,0,0,0.0,0.0,0.0,1
0.7962853,99.7766121215576,0,3,0,0,0.0,0.0,0.0,1
0.58685243,98.99222521930324,0,3,0,0,0.0,0.0,0.0,1
0.52480525,90.5385721992446,1,3,0,0,0.0,0.0,0.0,1
0.67674655,98.32496511243134,2,3,0,0,0.0,0.0,0.0,1
0.66372293,94.7135885989962,2,3,0,0,0.0,0.0,0.0,0
0.5310553,87.13110621699768,1,0,0,0,0.0,0.0,0.0,0
0.58432895,89.65909987637126,1,0,0,0,0.0,0.0,0.0,0
0.5312684,85.34804866697729,1,0,0,0,0.0,0.0,0.0,0
0.5369645,93.83225987118423,2,3,0,0,0.0,0.0,0.0,1
0.606749,89.66195386414398,2,3,0,0,0.0,0.0,0.0,1
0.57057613,87.20611250813288,2,3,0,0,0.0,0.0,0.0,1
0.55548745,85.1410499683746,1,0,0,0,0.0,0.0,0.0,1
0.5634585,86.98992343080918,1,3,0,0,0.0,0.0,0.0,0
0.5634585,88.48287939536367,1,3,0,0,0.0,0.0,0.0,0
0.611849,88.04786463988395,1,3,0,0,0.0,0.0,0.0,0
0.611849,87.98469771217265,1,3,0,0,0.0,0.0,0.0,0
0.60551697,87.18059531419362,2,3,0,0,0.0,0.0,0.0,1
0.51746374,87.95220190451143,0,3,0,0,0.0,0.0,0.0,0
0.5695163,83.85190441613311,1,3,0,0,0.0,0.0,0.0,0
0.56163585,85.7604462340751,1,3,0,0,0.0,0.0,0.0,0
0.53629816,86.64961383589669,1,3,0,0,0.0,0.0,0.0,0
0.6651747,93.75305300679898,1,2,0,0,0.0,0.0,0.0,0
0.6781695,96.67716591799832,1,2,0,0,0.0,0.0,0.0,0
0.64778674,98.15946715405435,1,3,0,0,0.0,0.0,0.0,0
0.64778674,97.9902072221736,1,3,0,0,0.0,0.0,0.0,1
0.64778674,98.70533786934232,1,3,0,0,0.0,0.0,0.0,1
0.5353313,93.43550866043864,2,0,0,0,0.0,0.0,0.0,0
0.53984034,95.5640689739218,2,0,0,0,0.0,0.0,0.0,1
