engine,symbol,session,regime,strategy,hour,weekday,pnl_r,pnl,result,r_multiple,atr,adx,ema50_slope,spread,spread_model,spread_is_simulated
Legacy,XAUUSD,NEW_YORK,RANGE,Volatility Expansion Breakout,20,0,-0.9999999999999223,-5.097606972917674,LOSS,-0.9999999999999223,3.398404648612047,47.4978043633404,,0.3398404648612047,SIMULATED_DYNAMIC_ATR_BASED,True
Legacy,XAUUSD,NEW_YORK,RANGE,Volatility Expansion Breakout,20,0,-0.9999999999999674,-5.064301420526135,LOSS,-0.9999999999999674,3.3762009470175336,50.553375883642794,,0.33762009470175336,SIMULATED_DYNAMIC_ATR_BASED,True
Legacy,XAUUSD,LONDON,TREND,London Breakout,7,1,1.5000000000000009,8.594940972577206,WIN,1.5000000000000009,3.819973765589867,22.087674018255544,3.132797890710384,0.38199737655898675,SIMULATED_DYNAMIC_ATR_BASED,True
Legacy,XAUUSD,LONDON,TREND,London Breakout,7,1,1.5000000000000615,8.974574104520798,WIN,1.5000000000000615,3.9886996020090804,25.68537765636537,4.034364331063818,0.39886996020090804,SIMULATED_DYNAMIC_ATR_BASED,True
Legacy,XAUUSD,LONDON,TREND,London Breakout,8,1,1.4999999999999842,8.966884049305918,WIN,1.4999999999999842,3.985281799691561,28.391405041475025,5.2243553061357195,0.3985281799691561,SIMULATED_DYNAMIC_ATR_BASED,True
Legacy,XAUUSD,LONDON,TREND,London Breakout,8,1,-1.000000000000052,-5.949292442218393,LOSS,-1.000000000000052,3.9661949614787226,45.302129318673856,7.477740007409247,0.3966194961478723,SIMULATED_DYNAMIC_ATR_BASED,True
Legacy,XAUUSD,LONDON_NY_OVERLAP,TREND,RSI Exhaustion Reversal,13,1,1.4999999999999347,10.366860608002753,WIN,1.4999999999999347,4.607493603556979,16.76348542602224,1.516248477905079,0.46074936035569797,SIMULATED_DYNAMIC_ATR_BASED,True
Legacy,XAUUSD,LONDON_NY_OVERLAP,RANGE,NY Breakout,13,1,1.500000000000021,11.478303828632306,WIN,1.500000000000021,5.101468368280954,24.32962290507586,-1.9150573367517136,0.5101468368280954,SIMULATED_DYNAMIC_ATR_BASED,True
Legacy,XAUUSD,LONDON_NY_OVERLAP,RANGE,NY Breakout,14,1,-0.9999999999999565,-8.64862765773887,LOSS,-0.9999999999999565,5.7657517718261655,28.38358633711537,-2.7919273869114076,0.5765751771826165,SIMULATED_DYNAMIC_ATR_BASED,True
Legacy,XAUUSD,LONDON_NY_OVERLAP,RANGE,NY Breakout,14,1,-1.0000000000000382,-8.823069255908194,LOSS,-1.0000000000000382,5.882046170605237,32.82758237733598,-4.192502448886576,0.5882046170605237,SIMULATED_DYNAMIC_ATR_BASED,True
Legacy,XAUUSD,LONDON_NY_OVERLAP,RANGE,NY Breakout,15,1,-0.999999999999952,-8.59249566294784,LOSS,-0.999999999999952,5.728330441965501,28.185554393073375,-1.3701560866014515,0.5728330441965501,SIMULATED_DYNAMIC_ATR_BASED,True
Legacy,XAUUSD,NEW_YORK,TREND,NY Breakout,16,1,-0.9999999999999751,-8.84180133614791,LOSS,-0.9999999999999751,5.894534224098753,31.013650479236954,2.4847788266294617,0.5894534224098753,SIMULATED_DYNAMIC_ATR_BASED,True
Legacy,XAUUSD,ASIA,RANGE,Volatility Expansion Breakout,4,2,-0.999999999999988,-5.186919831205159,LOSS,-0.999999999999988,3.4579465541368144,32.774785240645,-3.1134456045496317,0.3457946554136815,SIMULATED_DYNAMIC_ATR_BASED,True
Legacy,XAUUSD,ASIA,RANGE,Volatility Expansion Breakout,4,2,-0.9999999999999672,-5.717496986118931,LOSS,-0.9999999999999672,3.8116646574127455,34.84757284282842,-4.035189742436903,0.38116646574127455,SIMULATED_DYNAMIC_ATR_BASED,True
Legacy,XAUUSD,LONDON,RANGE,London Breakout,9,2,-1.0000000000000318,-5.646607264028717,LOSS,-1.0000000000000318,3.7644048426856918,21.290625340379744,0.11879813657056618,0.3764404842685692,SIMULATED_DYNAMIC_ATR_BASED,True
Legacy,XAUUSD,LONDON_NY_OVERLAP,TREND,NY Breakout,13,2,1.4999999999999973,9.783793918617448,WIN,1.4999999999999973,4.3483528527188735,19.883224393118862,1.4725277901694003,0.43483528527188736,SIMULATED_DYNAMIC_ATR_BASED,True
Legacy,XAUUSD,LONDON_NY_OVERLAP,TREND,NY Breakout,13,2,1.4999999999999905,10.266708522741283,WIN,1.4999999999999905,4.562981565662821,20.67146628064939,3.5837686375285953,0.45629815656628214,SIMULATED_DYNAMIC_ATR_BASED,True
Legacy,XAUUSD,LONDON_NY_OVERLAP,TREND,NY Breakout,14,2,-0.9999999999999927,-8.668750644309512,LOSS,-0.9999999999999927,5.779167096206384,27.7898501581966,4.47860395728685,0.5779167096206385,SIMULATED_DYNAMIC_ATR_BASED,True
Legacy,XAUUSD,NEW_YORK,TREND,RSI Exhaustion Reversal,18,2,1.5000000000000304,22.14237311915349,WIN,1.5000000000000304,9.841054719623573,31.99151603349633,1.8039706610510824,0.9841054719623573,SIMULATED_DYNAMIC_ATR_BASED,True
Legacy,XAUUSD,NEW_YORK,RANGE,Volatility Expansion Breakout,18,2,-0.9999999999999754,-17.292290502332435,LOSS,-0.9999999999999754,11.528193668221906,34.0238698245116,-1.2965047912450813,1.1528193668221907,SIMULATED_DYNAMIC_ATR_BASED,True
Legacy,XAUUSD,NEW_YORK,RANGE,Volatility Expansion Breakout,18,2,-1.0000000000000016,-18.334555466452002,LOSS,-1.0000000000000016,12.22303697763465,36.129883991977806,-4.130695054209584,1.222303697763465,SIMULATED_DYNAMIC_ATR_BASED,True
Legacy,XAUUSD,NEW_YORK,RANGE,Volatility Expansion Breakout,18,2,-1.0000000000000018,-23.1470230288769,LOSS,-1.0000000000000018,15.431348685917905,38.08319082145074,-7.647138893099875,1.5431348685917907,SIMULATED_DYNAMIC_ATR_BASED,True
Legacy,XAUUSD,NEW_YORK,RANGE,Volatility Expansion Breakout,19,2,1.4999999999999964,43.017525379711515,WIN,1.4999999999999964,19.118900168760717,32.05835999186454,-4.728482917339345,1.9118900168760717,SIMULATED_DYNAMIC_ATR_BASED,True
Legacy,XAUUSD,NEW_YORK,RANGE,Volatility Expansion Breakout,19,2,-1.0000000000000142,-28.879830065208807,LOSS,-1.0000000000000142,19.253220043472265,33.7385812442475,-6.75852986184721,1.9253220043472266,SIMULATED_DYNAMIC_ATR_BASED,True
Legacy,XAUUSD,NEW_YORK,RANGE,Volatility Expansion Breakout,19,2,-1.0000000000000122,-27.898163631979514,LOSS,-1.0000000000000122,18.59877575465278,34.918299304923515,-7.773872065029826,1.859877575465278,SIMULATED_DYNAMIC_ATR_BASED,True
Legacy,XAUUSD,NEW_YORK,RANGE,Volatility Expansion Breakout,19,2,-0.9999999999999974,-27.938044801123397,LOSS,-0.9999999999999974,18.62536320074898,36.28147044978421,-8.388225065159777,1.8625363200748979,SIMULATED_DYNAMIC_ATR_BASED,True
Legacy,XAUUSD,ASIA,TREND,Volatility Expansion Breakout,0,3,1.4999999999999702,16.142025415179887,WIN,1.4999999999999702,7.1742335178578704,31.231592247792584,6.268120410936987,0.7174233517857871,SIMULATED_DYNAMIC_ATR_BASED,True
Legacy,XAUUSD,ASIA,TREND,Volatility Expansion Breakout,0,3,1.4999999999999813,15.980952171238641,WIN,1.4999999999999813,7.102645409439485,33.109709755805305,7.017597990448385,0.7102645409439485,SIMULATED_DYNAMIC_ATR_BASED,True
Legacy,XAUUSD,ASIA,TREND,Volatility Expansion Breakout,1,3,-1.0000000000000382,-11.810835986446364,LOSS,-1.0000000000000382,7.873890657630609,37.64016621916655,7.147071592100022,0.7873890657630609,SIMULATED_DYNAMIC_ATR_BASED,True
Legacy,XAUUSD,ASIA,TREND,Volatility Expansion Breakout,2,3,-1.0000000000000338,-8.618085648227861,LOSS,-1.0000000000000338,5.745390432151714,33.258670628172226,2.907196216500159,0.5745390432151715,SIMULATED_DYNAMIC_ATR_BASED,True
Legacy,XAUUSD,LONDON,RANGE,London Breakout,7,3,1.500000000000014,11.913957326840318,WIN,1.500000000000014,5.2950921452623145,22.669754713855827,-2.3335906883793487,0.5295092145262315,SIMULATED_DYNAMIC_ATR_BASED,True
Legacy,XAUUSD,LONDON,RANGE,London Breakout,7,3,1.5000000000000364,11.606203078377803,WIN,1.5000000000000364,5.158312479278898,26.048417215433226,-4.6601758323127065,0.5158312479278898,SIMULATED_DYNAMIC_ATR_BASED,True
Legacy,XAUUSD,LONDON,RANGE,London Breakout,7,3,1.4999999999999594,11.80495642992173,WIN,1.4999999999999594,5.246647302187578,27.779500329136365,-5.1381216412686275,0.5246647302187578,SIMULATED_DYNAMIC_ATR_BASED,True
Legacy,XAUUSD,LONDON,RANGE,London Breakout,8,3,1.4999999999999616,12.000721608665117,WIN,1.4999999999999616,5.3336540482957435,42.59577679052834,-6.54535402918878,0.5333654048295744,SIMULATED_DYNAMIC_ATR_BASED,True
Legacy,XAUUSD,LONDON,RANGE,London Breakout,8,3,1.499999999999968,13.122603070736659,WIN,1.499999999999968,5.83226803143864,46.503390735489184,-7.293431490993264,0.583226803143864,SIMULATED_DYNAMIC_ATR_BASED,True
Legacy,XAUUSD,LONDON,RANGE,London Breakout,10,3,1.5000000000000409,11.969405576552163,WIN,1.5000000000000409,5.3197358118008164,50.55426049489062,-6.6632149312665,0.5319735811800816,SIMULATED_DYNAMIC_ATR_BASED,True
Legacy,XAUUSD,LONDON,RANGE,Volatility Expansion Breakout,11,3,-0.9999999999999577,-8.055274880722209,LOSS,-0.9999999999999577,5.370183253815033,51.76722052764484,-7.49841359670663,0.5370183253815033,SIMULATED_DYNAMIC_ATR_BASED,True
Legacy,XAUUSD,LONDON,RANGE,Volatility Expansion Breakout,11,3,-0.9999999999999852,-8.160040960670813,LOSS,-0.9999999999999852,5.440027307113956,53.126843980944045,-8.271314093432569,0.5440027307113956,SIMULATED_DYNAMIC_ATR_BASED,True
Legacy,XAUUSD,LONDON_NY_OVERLAP,TREND,NY Breakout,13,3,-1.0000000000000366,-10.642164732528727,LOSS,-1.0000000000000366,7.094776488352225,27.969042391848227,0.9851675723257036,0.7094776488352226,SIMULATED_DYNAMIC_ATR_BASED,True
Legacy,XAUUSD,LONDON_NY_OVERLAP,RANGE,NY Breakout,15,3,1.4999999999999727,18.034209773238217,WIN,1.4999999999999727,8.015204343661576,15.603868479211894,-2.597994621577517,0.8015204343661577,SIMULATED_DYNAMIC_ATR_BASED,True
Legacy,XAUUSD,LONDON_NY_OVERLAP,RANGE,NY Breakout,15,3,1.4999999999999762,18.36251621800693,WIN,1.4999999999999762,8.16111831911432,17.16529977693301,-3.4216990505681903,0.8161118319114321,SIMULATED_DYNAMIC_ATR_BASED,True
Legacy,XAUUSD,NEW_YORK,RANGE,NY Breakout,16,3,-0.9999999999999881,-10.928543433965388,LOSS,-0.9999999999999881,7.285695622643678,26.651790525856086,-5.332026777105732,0.7285695622643679,SIMULATED_DYNAMIC_ATR_BASED,True
Legacy,XAUUSD,OFF_SESSION,RANGE,Volatility Expansion Breakout,23,3,1.4999999999999758,8.857337973088761,WIN,1.4999999999999758,3.93659465470618,31.294758400620516,-4.4308836733061145,0.39365946547061803,SIMULATED_DYNAMIC_ATR_BASED,True
Legacy,XAUUSD,OFF_SESSION,RANGE,Volatility Expansion Breakout,23,3,1.4999999999999953,9.36165876251016,WIN,1.4999999999999953,4.160737227782306,33.69016852028748,-5.498203611322573,0.4160737227782306,SIMULATED_DYNAMIC_ATR_BASED,True
Legacy,XAUUSD,OFF_SESSION,RANGE,Volatility Expansion Breakout,23,3,-1.000000000000017,-6.323117847221511,LOSS,-1.000000000000017,4.215411898147602,40.77591228712775,-7.162128510585663,0.42154118981476024,SIMULATED_DYNAMIC_ATR_BASED,True
Legacy,XAUUSD,ASIA,RANGE,Volatility Expansion Breakout,0,4,-1.0000000000000109,-7.4707866340713736,LOSS,-1.0000000000000109,4.980524422714195,41.43605680858169,-7.295565318516003,0.49805244227141954,SIMULATED_DYNAMIC_ATR_BASED,True
Legacy,XAUUSD,ASIA,RANGE,Volatility Expansion Breakout,3,4,1.5000000000000224,9.585517127937237,WIN,1.5000000000000224,4.260229834638708,35.10434265848047,-8.600723842768407,0.42602298346387085,SIMULATED_DYNAMIC_ATR_BASED,True
Legacy,XAUUSD,ASIA,RANGE,Volatility Expansion Breakout,3,4,1.5000000000000346,11.252411935844066,WIN,1.5000000000000346,5.0010719714861365,44.631559591517025,-8.840974199531011,0.5001071971486136,SIMULATED_DYNAMIC_ATR_BASED,True
Legacy,XAUUSD,ASIA,RANGE,Volatility Expansion Breakout,4,4,1.49999999999997,12.419025368997609,WIN,1.49999999999997,5.519566830665714,47.03940764302424,-9.03006022318052,0.5519566830665714,SIMULATED_DYNAMIC_ATR_BASED,True
Legacy,XAUUSD,ASIA,RANGE,Volatility Expansion Breakout,4,4,1.500000000000005,12.389230560213036,WIN,1.500000000000005,5.506324693427998,57.37495151543269,-10.240829973643317,0.5506324693427999,SIMULATED_DYNAMIC_ATR_BASED,True
Legacy,XAUUSD,ASIA,RANGE,Volatility Expansion Breakout,4,4,-1.0000000000000195,-8.558226070326782,LOSS,-1.0000000000000195,5.70548404688441,60.310465360240926,-11.295928560472461,0.570548404688441,SIMULATED_DYNAMIC_ATR_BASED,True
Legacy,XAUUSD,ASIA,RANGE,Volatility Expansion Breakout,5,4,-0.9999999999999727,-8.269728091250727,LOSS,-0.9999999999999727,5.513152060833968,63.310385393884,-13.188753807439467,0.5513152060833968,SIMULATED_DYNAMIC_ATR_BASED,True
Legacy,XAUUSD,LONDON,RANGE,London Breakout,7,4,1.4999999999999876,14.165865412260246,WIN,1.4999999999999876,6.295940183226827,25.385834595642923,-0.7098225998951357,0.6295940183226828,SIMULATED_DYNAMIC_ATR_BASED,True
Legacy,XAUUSD,LONDON,TREND,London Breakout,7,4,1.4999999999999574,14.096607168527044,WIN,1.4999999999999574,6.2651587415677525,26.37623254358427,0.7563114288425166,0.6265158741567753,SIMULATED_DYNAMIC_ATR_BASED,True
Legacy,XAUUSD,LONDON,TREND,London Breakout,8,4,1.500000000000045,12.940744659448683,WIN,1.500000000000045,5.751442070865909,33.34008953876372,2.4038287833137493,0.5751442070865909,SIMULATED_DYNAMIC_ATR_BASED,True
Legacy,XAUUSD,LONDON,TREND,London Breakout,8,4,1.4999999999999636,12.5663700409159,WIN,1.4999999999999636,5.5850533515183125,34.89637386999421,3.29573138952205,0.5585053351518313,SIMULATED_DYNAMIC_ATR_BASED,True
Legacy,XAUUSD,LONDON,TREND,London Breakout,8,4,-1.000000000000006,-8.411645739614869,LOSS,-1.000000000000006,5.6077638264098795,36.68900059172678,4.210111803422097,0.560776382640988,SIMULATED_DYNAMIC_ATR_BASED,True
Legacy,XAUUSD,LONDON,TREND,London Breakout,8,4,-1.0000000000000384,-8.775635329642682,LOSS,-1.0000000000000384,5.850423553094896,38.80773917060539,5.018695864755214,0.5850423553094897,SIMULATED_DYNAMIC_ATR_BASED,True
Legacy,XAUUSD,LONDON,TREND,London Breakout,10,4,1.5000000000000224,10.283264644805968,WIN,1.5000000000000224,4.570339842135917,29.848138645661287,0.9383952290901554,0.45703398421359176,SIMULATED_DYNAMIC_ATR_BASED,True
Legacy,XAUUSD,LONDON,RANGE,London Breakout,10,4,1.4999999999999531,10.49760288446214,WIN,1.4999999999999531,4.665601281983319,29.067325250582417,0.36819527649613876,0.4665601281983319,SIMULATED_DYNAMIC_ATR_BASED,True
Legacy,XAUUSD,LONDON,RANGE,London Breakout,10,4,-1.0000000000000002,-6.62909300512456,LOSS,-1.0000000000000002,4.419395336749705,26.027899581565993,-2.401167995064708,0.4419395336749705,SIMULATED_DYNAMIC_ATR_BASED,True
Legacy,XAUUSD,LONDON,RANGE,London Breakout,10,4,-1.000000000000048,-6.4082479344970125,LOSS,-1.000000000000048,4.27216528966447,26.052069271762026,-3.2790056099294045,0.4272165289664471,SIMULATED_DYNAMIC_ATR_BASED,True
Legacy,XAUUSD,LONDON_NY_OVERLAP,TREND,NY Breakout,13,4,-0.9999999999999679,-11.515719723354778,LOSS,-0.9999999999999679,7.677146482236765,24.474886900361643,3.9819316636455926,0.7677146482236765,SIMULATED_DYNAMIC_ATR_BASED,True
Legacy,XAUUSD,NEW_YORK,RANGE,NY Breakout,16,4,-1.0000000000000604,-6.018535370047175,LOSS,-1.0000000000000604,4.012356913364541,13.857697174894477,-0.10723193047808166,0.4012356913364541,SIMULATED_DYNAMIC_ATR_BASED,True
Legacy,XAUUSD,OFF_SESSION,TREND,Volatility Expansion Breakout,23,6,-0.9999999999999312,-6.292495057070482,LOSS,-0.9999999999999312,4.194996704713944,30.297935839810652,2.5855306244934715,0.4194996704713944,SIMULATED_DYNAMIC_ATR_BASED,True
Legacy,XAUUSD,ASIA,TREND,Volatility Expansion Breakout,0,0,1.5000000000000286,14.044837919368547,WIN,1.5000000000000286,6.242150186385902,33.061737583925,4.453399818174162,0.6242150186385902,SIMULATED_DYNAMIC_ATR_BASED,True
Legacy,XAUUSD,ASIA,TREND,Volatility Expansion Breakout,0,0,1.4999999999999991,14.077920925127728,WIN,1.4999999999999991,6.256853744501217,34.81399406013311,5.001074993400922,0.6256853744501217,SIMULATED_DYNAMIC_ATR_BASED,True
Legacy,XAUUSD,ASIA,TREND,Volatility Expansion Breakout,0,0,1.4999999999999973,14.512515859047198,WIN,1.4999999999999973,6.450007048465432,36.92252087399793,5.871094800600717,0.6450007048465433,SIMULATED_DYNAMIC_ATR_BASED,True
Legacy,XAUUSD,ASIA,TREND,Volatility Expansion Breakout,0,0,1.4999999999999996,14.816425440543753,WIN,1.4999999999999996,6.585077973575004,39.14883573267919,6.788257760261188,0.6585077973575004,SIMULATED_DYNAMIC_ATR_BASED,True
Legacy,XAUUSD,ASIA,TREND,Volatility Expansion Breakout,0,0,1.5000000000000302,15.847555766219557,WIN,1.5000000000000302,7.043358118319661,41.664056078335584,8.008376724710025,0.7043358118319661,SIMULATED_DYNAMIC_ATR_BASED,True
Legacy,XAUUSD,ASIA,TREND,Volatility Expansion Breakout,1,0,-0.9999999999999722,-12.025355950516314,LOSS,-0.9999999999999722,8.016903967011098,44.49684787771921,8.458322197401012,0.8016903967011099,SIMULATED_DYNAMIC_ATR_BASED,True
Legacy,XAUUSD,ASIA,TREND,Volatility Expansion Breakout,6,0,-0.9999999999999535,-7.45221212969318,LOSS,-0.9999999999999535,4.968141419795685,35.342607119862365,4.653332123528503,0.49681414197956847,SIMULATED_DYNAMIC_ATR_BASED,True
Legacy,XAUUSD,ASIA,TREND,Volatility Expansion Breakout,6,0,-1.0000000000000273,-7.211804733345161,LOSS,-1.0000000000000273,4.807869822229977,38.099453537698594,5.28090076872204,0.4807869822229977,SIMULATED_DYNAMIC_ATR_BASED,True
Legacy,XAUUSD,LONDON,TREND,London Breakout,7,0,-1.0000000000000342,-6.582108994548435,LOSS,-1.0000000000000342,4.38807266303214,27.079682755478206,1.3919065548593985,0.438807266303214,SIMULATED_DYNAMIC_ATR_BASED,True
Legacy,XAUUSD,LONDON,TREND,London Breakout,7,0,-1.0000000000000073,-6.490172637794785,LOSS,-1.0000000000000073,4.326781758529825,26.866351042939293,0.5936648391899354,0.4326781758529825,SIMULATED_DYNAMIC_ATR_BASED,True
Legacy,XAUUSD,LONDON,TREND,London Breakout,9,0,1.5000000000000604,9.074665535573331,WIN,1.5000000000000604,4.033184682476874,20.39170295306501,2.2408621583423396,0.40331846824768736,SIMULATED_DYNAMIC_ATR_BASED,True
Legacy,XAUUSD,LONDON,TREND,London Breakout,9,0,-0.9999999999999966,-6.51132866487842,LOSS,-0.9999999999999966,4.340885776585628,22.994173889952048,3.351411118729758,0.4340885776585628,SIMULATED_DYNAMIC_ATR_BASED,True
Legacy,XAUUSD,LONDON,TREND,Volatility Expansion Breakout,10,0,-0.9999999999999284,-6.224006560994894,LOSS,-0.9999999999999284,4.149337707330226,38.561049705806454,5.372272173004254,0.4149337707330227,SIMULATED_DYNAMIC_ATR_BASED,True
Legacy,XAUUSD,LONDON,TREND,London Breakout,10,0,-1.0000000000000115,-6.370863235209981,LOSS,-1.0000000000000115,4.247242156806605,39.732230368628564,5.550163017379654,0.42472421568066054,SIMULATED_DYNAMIC_ATR_BASED,True
Legacy,XAUUSD,LONDON_NY_OVERLAP,RANGE,NY Breakout,13,0,-1.0000000000000362,-6.9243427876799615,LOSS,-1.0000000000000362,4.616228525119807,21.45482139262925,-3.740743912012981,0.4616228525119807,SIMULATED_DYNAMIC_ATR_BASED,True
Legacy,XAUUSD,LONDON_NY_OVERLAP,RANGE,NY Breakout,13,0,-1.00000000000002,-7.207601165111555,LOSS,-1.00000000000002,4.805067443407607,26.565627821532093,-4.5486377201826995,0.4805067443407607,SIMULATED_DYNAMIC_ATR_BASED,True
Legacy,XAUUSD,LONDON_NY_OVERLAP,RANGE,RSI Exhaustion Reversal,13,0,-1.0000000000000104,-8.855889472016315,LOSS,-1.0000000000000104,5.9039263146774825,25.186527113821,-2.020239642354396,0.5903926314677482,SIMULATED_DYNAMIC_ATR_BASED,True
Legacy,XAUUSD,LONDON_NY_OVERLAP,RANGE,NY Breakout,15,0,-0.9999999999999987,-9.081814982494507,LOSS,-0.9999999999999987,6.0545433216630125,14.696004684662247,-3.102538832371709,0.6054543321663013,SIMULATED_DYNAMIC_ATR_BASED,True
Legacy,XAUUSD,LONDON_NY_OVERLAP,RANGE,NY Breakout,15,0,-1.0000000000000144,-9.538919551232539,LOSS,-1.0000000000000144,6.359279700821601,17.676894962850238,-4.680863425010358,0.6359279700821601,SIMULATED_DYNAMIC_ATR_BASED,True
Legacy,XAUUSD,ASIA,RANGE,Volatility Expansion Breakout,2,1,1.4999999999999838,13.49434906332499,WIN,1.4999999999999838,5.997488472588949,31.7929168540902,-6.75547930364826,0.5997488472588949,SIMULATED_DYNAMIC_ATR_BASED,True
Legacy,XAUUSD,ASIA,RANGE,Volatility Expansion Breakout,3,1,1.5000000000000289,14.103538415944968,WIN,1.5000000000000289,6.2682392959754205,33.05537319054398,-7.200069080879131,0.6268239295975421,SIMULATED_DYNAMIC_ATR_BASED,True
Legacy,XAUUSD,ASIA,RANGE,Volatility Expansion Breakout,3,1,-0.999999999999954,-9.585099890628953,LOSS,-0.999999999999954,6.390066593752929,37.09777208098742,-9.035671948712,0.6390066593752929,SIMULATED_DYNAMIC_ATR_BASED,True
Legacy,XAUUSD,ASIA,RANGE,Volatility Expansion Breakout,4,1,-0.9999999999999813,-8.48232485425433,LOSS,-0.9999999999999813,5.654883236169659,38.270148788142926,-6.826198638319944,0.5654883236169659,SIMULATED_DYNAMIC_ATR_BASED,True
Legacy,XAUUSD,ASIA,RANGE,Volatility Expansion Breakout,6,1,-1.0000000000000409,-10.868890426277176,LOSS,-1.0000000000000409,7.245926950851155,50.281485673164184,-6.222755570249533,0.7245926950851156,SIMULATED_DYNAMIC_ATR_BASED,True
Legacy,XAUUSD,LONDON,RANGE,London Breakout,7,1,-0.9999999999999888,-10.295401632101857,LOSS,-0.9999999999999888,6.863601088067981,46.63794676305371,-4.234092015130692,0.6863601088067982,SIMULATED_DYNAMIC_ATR_BASED,True
Legacy,XAUUSD,LONDON,RANGE,London Breakout,7,1,-0.9999999999999851,-10.166529978700055,LOSS,-0.9999999999999851,6.777686652466804,47.7199419750664,-5.6863346432033355,0.6777686652466804,SIMULATED_DYNAMIC_ATR_BASED,True
Legacy,XAUUSD,LONDON,RANGE,London Breakout,8,1,-0.9999999999999912,-10.17926819592003,LOSS,-0.9999999999999912,6.78617879728008,49.68462113902198,-7.458842998509101,0.678617879728008,SIMULATED_DYNAMIC_ATR_BASED,True
Legacy,XAUUSD,LONDON,RANGE,London Breakout,9,1,1.4999999999999831,13.177988222642853,WIN,1.4999999999999831,5.856883654508001,29.669067270727478,-1.2498260989771035,0.5856883654508002,SIMULATED_DYNAMIC_ATR_BASED,True
Legacy,XAUUSD,LONDON,RANGE,London Breakout,9,1,1.500000000000017,12.690832589339152,WIN,1.500000000000017,5.640370039706226,28.962033133968415,0.014778328741130813,0.5640370039706226,SIMULATED_DYNAMIC_ATR_BASED,True
Legacy,XAUUSD,LONDON,TREND,London Breakout,9,1,-1.0000000000000404,-7.860242309352543,LOSS,-1.0000000000000404,5.240161539568151,29.304941243680616,1.1066760470755412,0.5240161539568151,SIMULATED_DYNAMIC_ATR_BASED,True
Legacy,XAUUSD,LONDON,TREND,London Breakout,10,1,-0.9999999999999849,-8.500832144398373,LOSS,-0.9999999999999849,5.667221429599001,31.17719240522783,1.8962811431224895,0.5667221429599002,SIMULATED_DYNAMIC_ATR_BASED,True
Legacy,XAUUSD,LONDON_NY_OVERLAP,RANGE,NY Breakout,13,1,-1.0000000000000377,-9.242356590357304,LOSS,-1.0000000000000377,6.16157106023797,13.968153219671164,-2.3274474513487893,0.616157106023797,SIMULATED_DYNAMIC_ATR_BASED,True
Legacy,XAUUSD,LONDON_NY_OVERLAP,TREND,NY Breakout,13,1,-1.0000000000000362,-11.111019847112402,LOSS,-1.0000000000000362,7.407346564741333,12.33540163830858,1.0725461451784775,0.7407346564741334,SIMULATED_DYNAMIC_ATR_BASED,True
Legacy,XAUUSD,LONDON_NY_OVERLAP,TREND,NY Breakout,13,1,-0.9999999999999756,-11.365554143746522,LOSS,-0.9999999999999756,7.577036095831199,13.379539295728497,2.113639673791056,0.7577036095831199,SIMULATED_DYNAMIC_ATR_BASED,True
Legacy,XAUUSD,LONDON_NY_OVERLAP,TREND,NY Breakout,14,1,-1.0000000000000155,-11.505354392788831,LOSS,-1.0000000000000155,7.6702362618591025,16.858112125919742,4.204860643148531,0.7670236261859102,SIMULATED_DYNAMIC_ATR_BASED,True
Legacy,XAUUSD,NEW_YORK,TREND,NY Breakout,16,1,-1.000000000000051,-7.661376847962856,LOSS,-1.000000000000051,5.1075845653083105,18.736043069962744,3.7763346512239537,0.5107584565308311,SIMULATED_DYNAMIC_ATR_BASED,True
Legacy,XAUUSD,OFF_SESSION,RANGE,Volatility Expansion Breakout,22,1,1.4999999999999856,7.564760442478473,WIN,1.4999999999999856,3.3621157522126874,31.489213520974143,-4.420204535096831,0.33621157522126877,SIMULATED_DYNAMIC_ATR_BASED,True
Legacy,XAUUSD,OFF_SESSION,RANGE,Volatility Expansion Breakout,22,1,-1.0000000000000315,-6.20320073054063,LOSS,-1.0000000000000315,4.1354671536936225,34.21595126918074,-5.102516672268625,0.41354671536936227,SIMULATED_DYNAMIC_ATR_BASED,True
Legacy,XAUUSD,OFF_SESSION,RANGE,Volatility Expansion Breakout,23,1,-0.9999999999999881,-7.198584220624525,LOSS,-0.9999999999999881,4.799056147083074,41.34920793397414,-6.646646714484646,0.4799056147083074,SIMULATED_DYNAMIC_ATR_BASED,True
Legacy,XAUUSD,LONDON,RANGE,London Breakout,7,2,-1.000000000000003,-8.550474126281188,LOSS,-1.000000000000003,5.700316084187441,22.796315902904542,-0.11273123319428713,0.5700316084187441,SIMULATED_DYNAMIC_ATR_BASED,True
Legacy,XAUUSD,LONDON,RANGE,London Breakout,9,2,-0.9999999999999825,-7.598308406202705,LOSS,-0.9999999999999825,5.065538937468559,15.86273573164021,-1.6201581433539531,0.5065538937468559,SIMULATED_DYNAMIC_ATR_BASED,True
Legacy,XAUUSD,LONDON,RANGE,London Breakout,9,2,1.5000000000000082,11.70880769300129,WIN,1.5000000000000082,5.203914530222767,16.20600459646344,-1.9452831602272833,0.5203914530222767,SIMULATED_DYNAMIC_ATR_BASED,True
Legacy,XAUUSD,LONDON,RANGE,London Breakout,9,2,1.4999999999999996,10.85604633039111,WIN,1.4999999999999996,4.824909480173828,22.102438941673267,-3.814393694790751,0.4824909480173828,SIMULATED_DYNAMIC_ATR_BASED,True
Legacy,XAUUSD,LONDON,RANGE,London Breakout,10,2,1.5000000000000162,11.199346592506117,WIN,1.5000000000000162,4.97748737444711,23.930791044616207,-4.062216154382671,0.497748737444711,SIMULATED_DYNAMIC_ATR_BASED,True
Legacy,XAUUSD,LONDON,RANGE,Volatility Expansion Breakout,11,2,1.5000000000000022,11.728071344634373,WIN,1.5000000000000022,5.212476153170824,35.50152451537644,-4.499779772063763,0.5212476153170824,SIMULATED_DYNAMIC_ATR_BASED,True
Legacy,XAUUSD,LONDON,RANGE,Volatility Expansion Breakout,11,2,1.5000000000000158,11.80754839144629,WIN,1.5000000000000158,5.247799285087185,36.76963193403896,-5.468341700771048,0.5247799285087185,SIMULATED_DYNAMIC_ATR_BASED,True
Legacy,XAUUSD,LONDON,RANGE,Volatility Expansion Breakout,11,2,-0.9999999999999897,-8.281756147085616,LOSS,-0.9999999999999897,5.521170764723801,38.26822999943137,-6.247613615235016,0.5521170764723802,SIMULATED_DYNAMIC_ATR_BASED,True
Legacy,XAUUSD,LONDON,RANGE,Volatility Expansion Breakout,11,2,-1.0000000000000169,-8.712344993722581,LOSS,-1.0000000000000169,5.808229995814956,40.21717385058849,-6.855090111342862,0.5808229995814956,SIMULATED_DYNAMIC_ATR_BASED,True
Legacy,XAUUSD,LONDON,RANGE,Volatility Expansion Breakout,12,2,1.5000000000000029,16.177063899204768,WIN,1.5000000000000029,7.189806177424328,41.551103554117375,-5.5817078922635455,0.7189806177424328,SIMULATED_DYNAMIC_ATR_BASED,True
Legacy,XAUUSD,LONDON,RANGE,Volatility Expansion Breakout,12,2,1.499999999999992,19.386880763547197,WIN,1.499999999999992,8.616391450465466,43.479513148161324,-5.81986616026521,0.8616391450465466,SIMULATED_DYNAMIC_ATR_BASED,True
Legacy,XAUUSD,LONDON,RANGE,Volatility Expansion Breakout,12,2,1.5000000000000002,21.132730431009804,WIN,1.5000000000000002,9.392324636004355,50.29448699681363,-8.653829099311492,0.9392324636004356,SIMULATED_DYNAMIC_ATR_BASED,True
Legacy,XAUUSD,LONDON,RANGE,Volatility Expansion Breakout,12,2,1.499999999999998,22.265344096125773,WIN,1.499999999999998,9.895708487167022,53.90862930311943,-9.256225190307454,0.9895708487167023,SIMULATED_DYNAMIC_ATR_BASED,True
Legacy,XAUUSD,LONDON_NY_OVERLAP,RANGE,NY Breakout,13,2,-0.9999999999999982,-16.358058249982605,LOSS,-0.9999999999999982,10.905372166655088,56.02567282375065,-9.208212865278341,1.0905372166655087,SIMULATED_DYNAMIC_ATR_BASED,True
Legacy,XAUUSD,LONDON_NY_OVERLAP,RANGE,Volatility Expansion Breakout,13,2,-1.0000000000000013,-16.965756858403438,LOSS,-1.0000000000000013,11.310504572268945,59.903379213414034,-10.526791728802717,1.1310504572268945,SIMULATED_DYNAMIC_ATR_BASED,True
Legacy,EURUSD,LONDON,RANGE,London Breakout,8,1,1.4999999999999594,0.0006460002440029644,WIN,1.4999999999999594,0.0002871112195568808,57.31554895554541,,2.871112195568808e-05,SIMULATED_DYNAMIC_ATR_BASED,True
Legacy,EURUSD,LONDON,TREND,London Breakout,8,1,-0.9999999999999016,-0.00042347058529257353,LOSS,-0.9999999999999016,0.0002823137235284101,61.541497043319964,9.346623625109867,2.8231372352841012e-05,SIMULATED_DYNAMIC_ATR_BASED,True
Legacy,EURUSD,LONDON,TREND,London Breakout,8,1,-0.9999999999997367,-0.00041786554348588467,LOSS,-0.9999999999997367,0.00027857702899066313,62.64428344363671,9.691783843309747,2.7857702899066315e-05,SIMULATED_DYNAMIC_ATR_BASED,True
Legacy,EURUSD,LONDON,TREND,London Breakout,9,1,-1.0000000000000198,-0.00044938406555683486,LOSS,-1.0000000000000198,0.000299589377037884,64.9047147672709,9.74944591705971,2.99589377037884e-05,SIMULATED_DYNAMIC_ATR_BASED,True
Legacy,EURUSD,LONDON,TREND,London Breakout,10,1,-1.0000000000001863,-0.0004375251960708759,LOSS,-1.0000000000001863,0.0002916834640471963,45.49753339652513,7.19833712455054,2.916834640471963e-05,SIMULATED_DYNAMIC_ATR_BASED,True
Legacy,EURUSD,LONDON,TREND,Volatility Expansion Breakout,11,1,1.5000000000000209,0.0006365030642356828,WIN,1.5000000000000209,0.00028289025077141063,35.81351872427335,1.2167271263009167,2.8289025077141064e-05,SIMULATED_DYNAMIC_ATR_BASED,True
Legacy,EURUSD,LONDON,RANGE,Volatility Expansion Breakout,11,1,1.5000000000002363,0.0006367551931421023,WIN,1.5000000000002363,0.000283002308063112,34.20477125508352,-0.4442060916498156,2.83002308063112e-05,SIMULATED_DYNAMIC_ATR_BASED,True
Legacy,EURUSD,LONDON,RANGE,Volatility Expansion Breakout,12,1,-1.0000000000001017,-0.0004282453321122759,LOSS,-1.0000000000001017,0.00028549688807482157,33.585540650766596,-2.1450059438784024,2.854968880748216e-05,SIMULATED_DYNAMIC_ATR_BASED,True
Legacy,EURUSD,LONDON,RANGE,Volatility Expansion Breakout,12,1,-0.9999999999999277,-0.00042765637981845295,LOSS,-0.9999999999999277,0.0002851042532123226,34.02031167863545,-2.833998310787959,2.851042532123226e-05,SIMULATED_DYNAMIC_ATR_BASED,True
Legacy,EURUSD,LONDON_NY_OVERLAP,TREND,NY Breakout,14,1,-0.9999999999999025,-0.0006075291398648375,LOSS,-0.9999999999999025,0.0004050194265765978,16.782442329609804,0.9405886967201881,4.050194265765978e-05,SIMULATED_DYNAMIC_ATR_BASED,True
Legacy,EURUSD,LONDON_NY_OVERLAP,TREND,NY Breakout,15,1,-1.0000000000000875,-0.0006271910181365747,LOSS,-1.0000000000000875,0.0004181273454243466,20.647470487564025,3.971355737639372,4.181273454243466e-05,SIMULATED_DYNAMIC_ATR_BASED,True
Legacy,EURUSD,NEW_YORK,TREND,NY Breakout,16,1,-0.999999999999884,-0.0006006974394912046,LOSS,-0.999999999999884,0.00040046495966084955,27.798895439746815,6.956906848606147,4.0046495966084956e-05,SIMULATED_DYNAMIC_ATR_BASED,True
Legacy,EURUSD,OFF_SESSION,TREND,Volatility Expansion Breakout,23,1,-1.0000000000002385,-0.0001623163726129917,LOSS,-1.0000000000002385,0.000108210915075302,33.57755897576134,6.604317274501641,1.0821091507530201e-05,SIMULATED_DYNAMIC_ATR_BASED,True
Legacy,EURUSD,OFF_SESSION,TREND,Volatility Expansion Breakout,23,1,-0.9999999999999764,-0.00015255330899099917,LOSS,-0.9999999999999764,0.00010170220599400185,37.78715926288534,7.824431297631488,1.0170220599400186e-05,SIMULATED_DYNAMIC_ATR_BASED,True
Legacy,EURUSD,OFF_SESSION,TREND,Volatility Expansion Breakout,23,1,-0.9999999999999604,-0.00017647359011463415,LOSS,-0.9999999999999604,0.00011764906007642742,32.53166635141305,2.120463927763782,1.1764906007642742e-05,SIMULATED_DYNAMIC_ATR_BASED,True
Legacy,EURUSD,LONDON,RANGE,London Breakout,8,2,-1.0000000000001368,-0.00045345907138916175,LOSS,-1.0000000000001368,0.00030230604759273316,22.40909154519438,-3.1495458737081976,3.0230604759273316e-05,SIMULATED_DYNAMIC_ATR_BASED,True
Legacy,EURUSD,LONDON,RANGE,London Breakout,8,2,-0.9999999999999517,-0.00044999770914699866,LOSS,-0.9999999999999517,0.00029999847276468026,23.84627622867894,-4.36957855012875,2.999984727646803e-05,SIMULATED_DYNAMIC_ATR_BASED,True
Legacy,EURUSD,LONDON,RANGE,London Breakout,10,2,1.4999999999998945,0.0005345552903597284,WIN,1.4999999999998945,0.00023758012904878485,17.50309964167142,-2.786955016145716,2.3758012904878485e-05,SIMULATED_DYNAMIC_ATR_BASED,True
Legacy,EURUSD,LONDON,RANGE,London Breakout,10,2,-0.9999999999997531,-0.00035127232260356855,LOSS,-0.9999999999997531,0.00023418154840243685,19.554974543425434,-3.9724610855410813,2.3418154840243686e-05,SIMULATED_DYNAMIC_ATR_BASED,True
Legacy,EURUSD,LONDON,RANGE,Volatility Expansion Breakout,11,2,-1.000000000000071,-0.0003861657317145717,LOSS,-1.000000000000071,0.0002574438211430295,30.42543051653585,-7.07665147992229,2.574438211430295e-05,SIMULATED_DYNAMIC_ATR_BASED,True
Legacy,EURUSD,LONDON,RANGE,Volatility Expansion Breakout,11,2,-0.999999999999943,-0.0003885824651634895,LOSS,-0.999999999999943,0.0002590549767756744,31.928574443842535,-7.831645938813862,2.590549767756744e-05,SIMULATED_DYNAMIC_ATR_BASED,True
Legacy,EURUSD,LONDON,RANGE,Volatility Expansion Breakout,11,2,-0.9999999999998127,-0.0004058265747945988,LOSS,-0.9999999999998127,0.00027055104986311657,33.99532683424891,-8.161448827503822,2.7055104986311658e-05,SIMULATED_DYNAMIC_ATR_BASED,True
Legacy,EURUSD,LONDON_NY_OVERLAP,RANGE,NY Breakout,14,2,1.5000000000000155,0.0007177191743934497,WIN,1.5000000000000155,0.00031898629973041876,13.505817084239661,-2.058944381451822,3.189862997304188e-05,SIMULATED_DYNAMIC_ATR_BASED,True
Legacy,EURUSD,LONDON_NY_OVERLAP,RANGE,NY Breakout,14,2,1.499999999999848,0.0007077017371044381,WIN,1.499999999999848,0.00031453410537978215,14.082550878036352,-2.9951195274995452,3.145341053797822e-05,SIMULATED_DYNAMIC_ATR_BASED,True
Legacy,EURUSD,LONDON_NY_OVERLAP,RANGE,NY Breakout,14,2,-1.0000000000001648,-0.00057781984884131,LOSS,-1.0000000000001648,0.00038521323256080983,15.853541395219944,-2.234503822651167,3.852132325608099e-05,SIMULATED_DYNAMIC_ATR_BASED,True
Legacy,EURUSD,NEW_YORK,RANGE,Volatility Expansion Breakout,18,2,-1.0000000000000526,-0.0008883461397242165,LOSS,-1.0000000000000526,0.0005922307598161131,30.55365521358976,-5.193187882186177,5.9223075981611314e-05,SIMULATED_DYNAMIC_ATR_BASED,True
Legacy,EURUSD,NEW_YORK,RANGE,Volatility Expansion Breakout,18,2,-1.0000000000000135,-0.0011857947177080774,LOSS,-1.0000000000000135,0.0007905298118053743,40.6713889190646,-9.742010932363359,7.905298118053744e-05,SIMULATED_DYNAMIC_ATR_BASED,True
Legacy,EURUSD,NEW_YORK,RANGE,Volatility Expansion Breakout,19,2,1.5000000000000175,0.002460835819548368,WIN,1.5000000000000175,0.0010937048086881508,45.96399451523256,-5.723096199856382,0.00010937048086881508,SIMULATED_DYNAMIC_ATR_BASED,True
Legacy,EURUSD,NEW_YORK,RANGE,Volatility Expansion Breakout,19,2,1.500000000000057,0.002473097546723535,WIN,1.500000000000057,0.0010991544652104181,47.69028451307957,-7.1589701418538905,0.00010991544652104181,SIMULATED_DYNAMIC_ATR_BASED,True
Legacy,EURUSD,NEW_YORK,RANGE,Volatility Expansion Breakout,19,2,-1.0000000000000457,-0.0016501598178211285,LOSS,-1.0000000000000457,0.0011001065452140354,53.02811600507885,-10.782115961325875,0.00011001065452140355,SIMULATED_DYNAMIC_ATR_BASED,True
Legacy,EURUSD,NEW_YORK,RANGE,Volatility Expansion Breakout,19,2,-0.9999999999999747,-0.0016276484022623716,LOSS,-0.9999999999999747,0.0010850989348416085,54.734901146324134,-11.387998202142409,0.00010850989348416086,SIMULATED_DYNAMIC_ATR_BASED,True
Legacy,EURUSD,NEW_YORK,RANGE,Volatility Expansion Breakout,19,2,-0.9999999999999867,-0.0016592449449579494,LOSS,-0.9999999999999867,0.0011061632966386477,56.55712379667889,-11.846248167912583,0.00011061632966386478,SIMULATED_DYNAMIC_ATR_BASED,True
Legacy,EURUSD,NEW_YORK,RANGE,Volatility Expansion Breakout,19,2,-1.0000000000000262,-0.00163287030603243,LOSS,-1.0000000000000262,0.0010885802040215915,58.34590834584464,-12.83719909643693,0.00010885802040215916,SIMULATED_DYNAMIC_ATR_BASED,True
Legacy,EURUSD,ASIA,TREND,Volatility Expansion Breakout,1,3,-1.0000000000001508,-0.0004407045945191701,LOSS,-1.0000000000001508,0.00029380306301273574,31.885491135146832,4.91757787993415,2.9380306301273577e-05,SIMULATED_DYNAMIC_ATR_BASED,True
Legacy,EURUSD,ASIA,TREND,Volatility Expansion Breakout,4,3,-0.999999999999889,-0.00028037565610605775,LOSS,-0.999999999999889,0.0001869171040707259,32.49047566092417,6.075676792853977,1.8691710407072593e-05,SIMULATED_DYNAMIC_ATR_BASED,True
Legacy,EURUSD,ASIA,RANGE,RSI Exhaustion Reversal,6,3,-0.9999999999998316,-0.0004488663098085599,LOSS,-0.9999999999998316,0.00029924420653909035,28.088372710533516,-2.144545742875598,2.9924420653909038e-05,SIMULATED_DYNAMIC_ATR_BASED,True
Legacy,EURUSD,LONDON,RANGE,London Breakout,8,3,1.4999999999999896,0.0009715799079415,WIN,1.4999999999999896,0.0004318132924184475,21.974166452921953,-3.091834488506752,4.318132924184475e-05,SIMULATED_DYNAMIC_ATR_BASED,True
Legacy,EURUSD,LONDON,RANGE,London Breakout,8,3,1.5000000000001643,0.0009730215225027816,WIN,1.5000000000001643,0.0004324540100011889,24.100061633789903,-4.931285029493519,4.32454010001189e-05,SIMULATED_DYNAMIC_ATR_BASED,True
Legacy,EURUSD,LONDON,RANGE,London Breakout,8,3,1.5000000000001552,0.00103369855660973,WIN,1.5000000000001552,0.00045942158071538805,25.70438046330821,-5.671886719919504,4.594215807153881e-05,SIMULATED_DYNAMIC_ATR_BASED,True
Legacy,EURUSD,LONDON,RANGE,London Breakout,8,3,1.500000000000154,0.001030433959525734,WIN,1.500000000000154,0.0004579706486780569,29.23434231151709,-7.232393921622748,4.579706486780569e-05,SIMULATED_DYNAMIC_ATR_BASED,True
Legacy,EURUSD,LONDON,RANGE,London Breakout,8,3,1.4999999999998948,0.001027545819559439,WIN,1.4999999999998948,0.00045668703091533827,31.312238652188228,-8.007327884469497,4.566870309153383e-05,SIMULATED_DYNAMIC_ATR_BASED,True
Legacy,EURUSD,LONDON,RANGE,London Breakout,8,3,1.4999999999999887,0.0010296854038767123,WIN,1.4999999999999887,0.0004576379572785422,33.391080348460726,-8.97983998758705,4.576379572785422e-05,SIMULATED_DYNAMIC_ATR_BASED,True
Legacy,EURUSD,LONDON,RANGE,London Breakout,8,3,1.499999999999984,0.001039707875028384,WIN,1.499999999999984,0.0004620923889015089,35.76027592682858,-9.715664510806208,4.62092388901509e-05,SIMULATED_DYNAMIC_ATR_BASED,True
Legacy,EURUSD,LONDON,RANGE,London Breakout,9,3,1.5000000000001363,0.001105985361631756,WIN,1.5000000000001363,0.0004915490496140691,40.46144264112798,-10.414527917353443,4.9154904961406915e-05,SIMULATED_DYNAMIC_ATR_BASED,True
Legacy,EURUSD,LONDON,RANGE,London Breakout,9,3,1.4999999999999705,0.0010993078358008113,WIN,1.4999999999999705,0.0004885812603559257,42.81855627079023,-11.27086134478449,4.885812603559257e-05,SIMULATED_DYNAMIC_ATR_BASED,True
Legacy,EURUSD,LONDON,RANGE,London Breakout,10,3,1.4999999999999303,0.001017208511357559,WIN,1.4999999999999303,0.00045209267171449167,46.550304627437704,-9.398035222014409,4.520926717144917e-05,SIMULATED_DYNAMIC_ATR_BASED,True
Legacy,EURUSD,LONDON,RANGE,London Breakout,10,3,-1.000000000000051,-0.000721843364173802,LOSS,-1.000000000000051,0.00048122890944917677,47.89464703891971,-9.957772163051896,4.812289094491768e-05,SIMULATED_DYNAMIC_ATR_BASED,True
Legacy,EURUSD,LONDON,RANGE,London Breakout,10,3,-0.9999999999999629,-0.0007216792142830109,LOSS,-0.9999999999999629,0.00048111947618869174,51.670426945055866,-10.535012994117878,4.811194761886918e-05,SIMULATED_DYNAMIC_ATR_BASED,True
Legacy,EURUSD,LONDON,RANGE,Volatility Expansion Breakout,11,3,-1.0000000000001144,-0.0007476792232179452,LOSS,-1.0000000000001144,0.0004984528154785732,52.30497148949814,-9.736628073429415,4.9845281547857315e-05,SIMULATED_DYNAMIC_ATR_BASED,True
Legacy,EURUSD,LONDON,RANGE,Volatility Expansion Breakout,12,3,-1.0000000000001,-0.0008438484513257904,LOSS,-1.0000000000001,0.0005625656342171374,40.879788944710924,-3.138298810766564,5.625656342171374e-05,SIMULATED_DYNAMIC_ATR_BASED,True
Legacy,EURUSD,LONDON_NY_OVERLAP,RANGE,NY Breakout,13,3,-0.9999999999998809,-0.0008737918287884394,LOSS,-0.9999999999998809,0.000582527885859029,21.8889314844964,0.21266905808366796,5.825278858590291e-05,SIMULATED_DYNAMIC_ATR_BASED,True
Legacy,EURUSD,LONDON_NY_OVERLAP,TREND,NY Breakout,14,3,-1.0000000000000393,-0.0007928968229475863,LOSS,-1.0000000000000393,0.0005285978819650367,17.923185321046496,1.557928153674295,5.2859788196503674e-05,SIMULATED_DYNAMIC_ATR_BASED,True
Legacy,EURUSD,LONDON_NY_OVERLAP,RANGE,NY Breakout,15,3,1.4999999999999878,0.0010680895610650776,WIN,1.4999999999999878,0.0004747064715844828,16.127683888489948,-0.9880911328443664,4.747064715844828e-05,SIMULATED_DYNAMIC_ATR_BASED,True
Legacy,EURUSD,NEW_YORK,RANGE,NY Breakout,16,3,-1.0000000000000289,-0.0007297697282784288,LOSS,-1.0000000000000289,0.0004865131521856052,16.757062443021116,-1.4260586003846645,4.865131521856052e-05,SIMULATED_DYNAMIC_ATR_BASED,True
Legacy,EURUSD,NEW_YORK,RANGE,NY Breakout,16,3,-1.00000000000013,-0.0006898739406078214,LOSS,-1.00000000000013,0.0004599159604051546,18.380545939705907,-2.963682007417609,4.599159604051546e-05,SIMULATED_DYNAMIC_ATR_BASED,True
Legacy,EURUSD,NEW_YORK,RANGE,NY Breakout,16,3,-1.0000000000001072,-0.0006344783728571279,LOSS,-1.0000000000001072,0.00042298558190470657,20.029224263286842,-3.0587024976834956,4.229855819047066e-05,SIMULATED_DYNAMIC_ATR_BASED,True
Legacy,EURUSD,ASIA,RANGE,Volatility Expansion Breakout,3,4,1.4999999999999614,0.0005058526913448436,WIN,1.4999999999999614,0.0002248234183754918,31.507769199312488,-5.930644782884595,2.2482341837549182e-05,SIMULATED_DYNAMIC_ATR_BASED,True
Legacy,EURUSD,ASIA,RANGE,Volatility Expansion Breakout,3,4,1.500000000000221,0.0005034866462603205,WIN,1.500000000000221,0.00022377184278233168,46.658420546845875,-9.239706334888986,2.237718427823317e-05,SIMULATED_DYNAMIC_ATR_BASED,True
Legacy,EURUSD,ASIA,RANGE,Volatility Expansion Breakout,4,4,1.4999999999997151,0.0005141304572415795,WIN,1.4999999999997151,0.00022850242544074538,48.466429550473386,-9.53452097282688,2.285024254407454e-05,SIMULATED_DYNAMIC_ATR_BASED,True
Legacy,EURUSD,ASIA,RANGE,Volatility Expansion Breakout,4,4,1.4999999999999905,0.0005462083822196373,WIN,1.4999999999999905,0.000242759280986507,54.68265406902925,-10.059648467729879,2.42759280986507e-05,SIMULATED_DYNAMIC_ATR_BASED,True
Legacy,EURUSD,ASIA,RANGE,Volatility Expansion Breakout,4,4,1.5000000000001603,0.0005264792120611705,WIN,1.5000000000001603,0.0002339907609160508,54.561609111252196,-10.613924889507523,2.339907609160508e-05,SIMULATED_DYNAMIC_ATR_BASED,True
Legacy,EURUSD,ASIA,RANGE,Volatility Expansion Breakout,4,4,1.4999999999997229,0.0005756592683423545,WIN,1.4999999999997229,0.00025584856370776036,55.19868501328459,-10.598676005893697,2.5584856370776038e-05,SIMULATED_DYNAMIC_ATR_BASED,True
Legacy,EURUSD,ASIA,RANGE,Volatility Expansion Breakout,4,4,1.5000000000001932,0.0006180429405606702,WIN,1.5000000000001932,0.00027468575136026246,56.70030935800878,-11.931968625148961,2.746857513602625e-05,SIMULATED_DYNAMIC_ATR_BASED,True
Legacy,EURUSD,ASIA,RANGE,Volatility Expansion Breakout,5,4,-1.0000000000002032,-0.0004971877503359146,LOSS,-1.0000000000002032,0.0003314585002238757,61.46210746147125,-12.326601390882786,3.314585002238757e-05,SIMULATED_DYNAMIC_ATR_BASED,True
Legacy,EURUSD,ASIA,RANGE,Volatility Expansion Breakout,6,4,1.499999999999941,0.0009239058586703042,WIN,1.499999999999941,0.00041062482607570687,31.852721401158124,-0.3268477354879696,4.106248260757069e-05,SIMULATED_DYNAMIC_ATR_BASED,True
Legacy,EURUSD,LONDON,TREND,London Breakout,7,4,-1.0000000000000673,-0.0006469417220340556,LOSS,-1.0000000000000673,0.00043129448135600804,31.401553719011172,0.9466996047990217,4.3129448135600805e-05,SIMULATED_DYNAMIC_ATR_BASED,True
Legacy,EURUSD,LONDON,TREND,London Breakout,8,4,1.4999999999998845,0.000896866057015222,WIN,1.4999999999998845,0.0003986071364512405,21.47145794879118,3.692637082060448,3.986071364512405e-05,SIMULATED_DYNAMIC_ATR_BASED,True
Legacy,EURUSD,LONDON,TREND,London Breakout,8,4,1.4999999999999585,0.0009623914822385338,WIN,1.4999999999999585,0.00042772954766158244,22.66869880529998,4.892256251195821,4.277295476615825e-05,SIMULATED_DYNAMIC_ATR_BASED,True
Legacy,EURUSD,LONDON,TREND,London Breakout,8,4,-0.999999999999938,-0.0006514804413857433,LOSS,-0.999999999999938,0.0004343202942571891,23.518474654055893,5.802872284946111,4.3432029425718915e-05,SIMULATED_DYNAMIC_ATR_BASED,True
Legacy,EURUSD,LONDON,TREND,London Breakout,8,4,-0.9999999999998513,-0.0006459539745526932,LOSS,-0.9999999999998513,0.0004306359830351928,28.041384928023383,7.288772865469413,4.306359830351928e-05,SIMULATED_DYNAMIC_ATR_BASED,True
Legacy,EURUSD,LONDON,TREND,London Breakout,10,4,-1.0000000000001181,-0.0004656031361331969,LOSS,-1.0000000000001181,0.00031040209075542795,22.214543041035494,3.476992388593926,3.1040209075542795e-05,SIMULATED_DYNAMIC_ATR_BASED,True
Legacy,EURUSD,LONDON_NY_OVERLAP,RANGE,NY Breakout,13,4,-1.000000000000054,-0.0005715037718088123,LOSS,-1.000000000000054,0.0003810025145391877,11.704514728094901,-0.10513557332659983,3.8100251453918774e-05,SIMULATED_DYNAMIC_ATR_BASED,True
Legacy,EURUSD,LONDON_NY_OVERLAP,TREND,NY Breakout,14,4,1.4999999999998463,0.0007600689694864382,WIN,1.4999999999998463,0.00033780843088289603,10.939859887541271,2.4677635866505385,3.37808430882896e-05,SIMULATED_DYNAMIC_ATR_BASED,True
Legacy,EURUSD,LONDON,RANGE,London Breakout,7,0,-1.000000000000209,-0.0005128969000287587,LOSS,-1.000000000000209,0.0003419312666857677,16.954199055954472,-2.091702495725555,3.4193126668576774e-05,SIMULATED_DYNAMIC_ATR_BASED,True
Legacy,EURUSD,LONDON,RANGE,London Breakout,7,0,-0.9999999999998733,-0.0005298328357408177,LOSS,-0.9999999999998733,0.00035322189049392325,18.374980440635998,-3.422039687213382,3.532218904939233e-05,SIMULATED_DYNAMIC_ATR_BASED,True
Legacy,EURUSD,LONDON,RANGE,London Breakout,8,0,-0.9999999999998024,-0.0005206397273416208,LOSS,-0.9999999999998024,0.00034709315156114913,24.388341998945247,-5.7910927545168756,3.470931515611491e-05,SIMULATED_DYNAMIC_ATR_BASED,True
Legacy,EURUSD,LONDON_NY_OVERLAP,RANGE,NY Breakout,13,0,1.4999999999998563,0.0010784803160521772,WIN,1.4999999999998563,0.0004793245849121247,20.128024314879124,-0.01390902387563767,4.793245849121247e-05,SIMULATED_DYNAMIC_ATR_BASED,True
Legacy,EURUSD,LONDON_NY_OVERLAP,RANGE,NY Breakout,13,0,-0.9999999999999535,-0.0007321874059533773,LOSS,-0.9999999999999535,0.00048812493730227425,37.27404519331117,-6.713663916990962,4.881249373022743e-05,SIMULATED_DYNAMIC_ATR_BASED,True
Legacy,EURUSD,LONDON_NY_OVERLAP,RANGE,NY Breakout,14,0,-0.9999999999999171,-0.0008800479045563137,LOSS,-0.9999999999999171,0.0005866986030375911,26.34844699839757,-2.229519215469806,5.866986030375911e-05,SIMULATED_DYNAMIC_ATR_BASED,True
Legacy,EURUSD,NEW_YORK,RANGE,NY Breakout,16,0,1.5000000000001064,0.0010054694808296905,WIN,1.5000000000001064,0.00044687532481316406,21.568313118071043,-4.905297702527495,4.4687532481316406e-05,SIMULATED_DYNAMIC_ATR_BASED,True
Legacy,EURUSD,NEW_YORK,RANGE,NY Breakout,16,0,-0.9999999999999786,-0.000651362059561178,LOSS,-0.9999999999999786,0.00043424137304079463,22.321116474884054,-5.789260990065292,4.3424137304079466e-05,SIMULATED_DYNAMIC_ATR_BASED,True
Legacy,EURUSD,NEW_YORK,RANGE,Volatility Expansion Breakout,19,0,-0.9999999999997364,-0.00031719966495713514,LOSS,-0.9999999999997364,0.0002114664433048125,32.935421869082575,-8.139450371422923,2.1146644330481253e-05,SIMULATED_DYNAMIC_ATR_BASED,True
Legacy,EURUSD,LONDON,RANGE,London Breakout,7,1,-0.9999999999997944,-0.000526787959111763,LOSS,-0.9999999999997944,0.00035119197274124757,19.32080116008168,-0.4160505129573689,3.511919727412476e-05,SIMULATED_DYNAMIC_ATR_BASED,True
Legacy,EURUSD,LONDON,TREND,London Breakout,7,1,-0.9999999999999907,-0.0005780888191753153,LOSS,-0.9999999999999907,0.0003853925461168805,20.231147454723306,0.8771516747343058,3.853925461168805e-05,SIMULATED_DYNAMIC_ATR_BASED,True
Legacy,EURUSD,LONDON,TREND,London Breakout,7,1,-0.9999999999998456,-0.0005916458220582843,LOSS,-0.9999999999998456,0.0003944305480389171,23.538100585688337,3.8507108032945983,3.944305480389171e-05,SIMULATED_DYNAMIC_ATR_BASED,True
Legacy,EURUSD,LONDON,RANGE,London Breakout,7,1,1.499999999999876,0.0011504015770957832,WIN,1.499999999999876,0.0005112895898203903,23.261681069464693,0.41781732796696747,5.112895898203903e-05,SIMULATED_DYNAMIC_ATR_BASED,True
Legacy,EURUSD,LONDON,RANGE,London Breakout,8,1,1.499999999999997,0.0011449156320590959,WIN,1.499999999999997,0.0005088513920262659,26.192796413101515,-4.735214707233393,5.088513920262659e-05,SIMULATED_DYNAMIC_ATR_BASED,True
Legacy,EURUSD,LONDON,RANGE,London Breakout,8,1,1.4999999999999762,0.001127421658340566,WIN,1.4999999999999762,0.0005010762925958151,27.043412420821703,-4.9957759380913345,5.0107629259581514e-05,SIMULATED_DYNAMIC_ATR_BASED,True
Legacy,EURUSD,LONDON,RANGE,London Breakout,10,1,-1.000000000000088,-0.0004656325723702004,LOSS,-1.000000000000088,0.0003104217149134396,18.24669743869556,-3.5597144126678737,3.1042171491343965e-05,SIMULATED_DYNAMIC_ATR_BASED,True
Legacy,EURUSD,LONDON,RANGE,London Breakout,10,1,1.4999999999999762,0.0007257555828299456,WIN,1.4999999999999762,0.00032255803681331425,25.40107638873394,-5.154656231370049,3.225580368133143e-05,SIMULATED_DYNAMIC_ATR_BASED,True
Legacy,EURUSD,LONDON,RANGE,London Breakout,10,1,-1.0000000000001836,-0.0005082058369900722,LOSS,-1.0000000000001836,0.00033880389132665256,28.053852969592988,-5.7336143741371615,3.388038913266526e-05,SIMULATED_DYNAMIC_ATR_BASED,True
Legacy,EURUSD,LONDON,RANGE,Volatility Expansion Breakout,11,1,1.4999999999999907,0.0007962356690827121,WIN,1.4999999999999907,0.0003538825195923187,37.120443085372706,-5.921772024157682,3.538825195923187e-05,SIMULATED_DYNAMIC_ATR_BASED,True
Legacy,EURUSD,LONDON,RANGE,Volatility Expansion Breakout,11,1,1.500000000000073,0.0008036474070054478,WIN,1.500000000000073,0.0003571766253357372,38.81923734284586,-6.350731142559703,3.571766253357372e-05,SIMULATED_DYNAMIC_ATR_BASED,True
Legacy,EURUSD,LONDON,RANGE,Volatility Expansion Breakout,11,1,-0.9999999999998065,-0.000548065061284797,LOSS,-0.9999999999998065,0.00036537670752326875,45.234579396891874,-7.980154993820289,3.6537670752326877e-05,SIMULATED_DYNAMIC_ATR_BASED,True
Legacy,EURUSD,LONDON,RANGE,Volatility Expansion Breakout,11,1,-1.0000000000001479,-0.000567846128336047,LOSS,-1.0000000000001479,0.0003785640855573087,47.23858476986455,-8.228843486942907,3.785640855573087e-05,SIMULATED_DYNAMIC_ATR_BASED,True
Legacy,EURUSD,LONDON_NY_OVERLAP,RANGE,NY Breakout,13,1,-0.9999999999999569,-0.0007000580424303404,LOSS,-0.9999999999999569,0.000466705361620247,32.599652341520496,-2.665675584813458,4.66705361620247e-05,SIMULATED_DYNAMIC_ATR_BASED,True
Legacy,EURUSD,LONDON_NY_OVERLAP,RANGE,NY Breakout,13,1,-0.9999999999999825,-0.000692911039399613,LOSS,-0.9999999999999825,0.0004619406929330834,30.804476857311425,-1.6791973645180482,4.619406929330834e-05,SIMULATED_DYNAMIC_ATR_BASED,True
Legacy,EURUSD,LONDON_NY_OVERLAP,RANGE,NY Breakout,14,1,1.500000000000148,0.0010096234234424628,WIN,1.500000000000148,0.0004487215215299392,26.55197892103887,-4.355735923230603,4.4872152152993926e-05,SIMULATED_DYNAMIC_ATR_BASED,True
Legacy,EURUSD,ASIA,TREND,RSI Exhaustion Reversal,6,2,1.5000000000001663,0.000582761982801161,WIN,1.5000000000001663,0.00025900532568937616,20.393926358730244,1.672170771308388,2.590053256893762e-05,SIMULATED_DYNAMIC_ATR_BASED,True
Legacy,EURUSD,ASIA,TREND,RSI Exhaustion Reversal,6,2,1.4999999999999172,0.0006221008933335881,WIN,1.4999999999999172,0.0002764892859260544,18.469730266481285,0.9734786299571597,2.764892859260544e-05,SIMULATED_DYNAMIC_ATR_BASED,True
Legacy,EURUSD,LONDON,RANGE,London Breakout,7,2,-1.0000000000000326,-0.0005382541029297361,LOSS,-1.0000000000000326,0.0003588360686198123,19.804221430764358,-3.960769240517586,3.5883606861981235e-05,SIMULATED_DYNAMIC_ATR_BASED,True
Legacy,EURUSD,LONDON,RANGE,London Breakout,7,2,-1.0000000000000884,-0.0005437359527205032,LOSS,-1.0000000000000884,0.00036249063514697015,22.008697464777605,-5.032831913683093,3.624906351469702e-05,SIMULATED_DYNAMIC_ATR_BASED,True
Legacy,EURUSD,LONDON,RANGE,London Breakout,8,2,-1.000000000000124,-0.0006992845522744151,LOSS,-1.000000000000124,0.00046618970151621897,30.74952164537341,-4.963753719937354,4.66189701516219e-05,SIMULATED_DYNAMIC_ATR_BASED,True
Legacy,EURUSD,LONDON,RANGE,London Breakout,10,2,-0.999999999999997,-0.0006560354252065359,LOSS,-0.999999999999997,0.0004373569501376919,40.90119809603956,-4.148550851048843,4.373569501376919e-05,SIMULATED_DYNAMIC_ATR_BASED,True
Legacy,EURUSD,LONDON,RANGE,Volatility Expansion Breakout,11,2,-1.000000000000008,-0.0005662157962524894,LOSS,-1.000000000000008,0.00037747719750165655,38.81872157590265,-5.150588114526872,3.774771975016566e-05,SIMULATED_DYNAMIC_ATR_BASED,True
Legacy,EURUSD,LONDON_NY_OVERLAP,RANGE,NY Breakout,13,2,-1.0000000000000016,-0.0007375102130036115,LOSS,-1.0000000000000016,0.0004916734753357403,23.828785271198335,0.19583450486778198,4.916734753357403e-05,SIMULATED_DYNAMIC_ATR_BASED,True
Legacy,EURUSD,LONDON_NY_OVERLAP,TREND,NY Breakout,14,2,-1.0000000000000926,-0.0007680827857021733,LOSS,-1.0000000000000926,0.000512055190468068,24.648621292806183,1.4136549582241047,5.1205519046806805e-05,SIMULATED_DYNAMIC_ATR_BASED,True
Legacy,EURUSD,LONDON_NY_OVERLAP,TREND,NY Breakout,14,2,-0.9999999999999107,-0.0007700054438661841,LOSS,-0.9999999999999107,0.0005133369625775018,25.50426282430056,2.2715499671912847,5.133369625775019e-05,SIMULATED_DYNAMIC_ATR_BASED,True
Legacy,EURUSD,LONDON_NY_OVERLAP,TREND,NY Breakout,15,2,1.5000000000001061,0.0012286409189474767,WIN,1.5000000000001061,0.0005460626306432844,18.60491505604176,2.356664733954242,5.4606263064328444e-05,SIMULATED_DYNAMIC_ATR_BASED,True
Legacy,EURUSD,LONDON_NY_OVERLAP,TREND,NY Breakout,15,2,-0.9999999999999156,-0.0008355872355387817,LOSS,-0.9999999999999156,0.0005570581570259014,20.57657987828664,3.3670381948471215,5.5705815702590146e-05,SIMULATED_DYNAMIC_ATR_BASED,True
Legacy,EURUSD,NEW_YORK,TREND,NY Breakout,16,2,-0.9999999999999681,-0.0007012225222493562,LOSS,-0.9999999999999681,0.0004674816814995857,24.377794975190017,4.702587653309781,4.674816814995858e-05,SIMULATED_DYNAMIC_ATR_BASED,True
Legacy,EURUSD,NEW_YORK,TREND,NY Breakout,16,2,-0.999999999999926,-0.0007089923420886546,LOSS,-0.999999999999926,0.00047266156139247133,26.102319161939274,5.588723169547358,4.726615613924714e-05,SIMULATED_DYNAMIC_ATR_BASED,True
