timestamp,message
2026-06-24 20:35:47,022
2026-06-24 20:35:47,022
2026-06-24 20:35:47,022
2026-06-24 20:35:47,022
2026-06-24 20:35:47,022
2026-06-24 20:35:47,022
2026-06-24 20:35:47,022
2026-06-24 20:35:47,022
2026-06-24 20:35:47,022
2026-06-24 20:35:47,022
2026-06-24 20:35:47,023
2026-06-24 20:35:47,023
2026-06-24 20:35:47,023
2026-06-24 20:35:47,024
2026-06-24 20:35:47,024
2026-06-24 20:35:47,024
2026-06-24 20:35:47,024
2026-06-24 20:35:47,024
2026-06-24 20:35:47,024
2026-06-24 20:35:47,024
2026-06-24 20:35:47,024
2026-06-24 20:35:47,024
2026-06-24 20:35:47,025
2026-06-24 20:35:47,025
2026-06-24 20:35:47,025
2026-06-24 20:35:47,025
2026-06-24 20:35:47,025
2026-06-24 20:35:47,025
2026-06-24 20:35:47,025
2026-06-24 20:35:47,026
2026-06-24 20:35:47,026
2026-06-24 20:35:47,027
2026-06-24 20:35:47,027
2026-06-24 20:35:47,028
2026-06-24 20:35:47,028
2026-06-24 20:35:47,028
2026-06-24 20:35:47,028
2026-06-24 20:35:47,030
2026-06-24 20:35:47,031
2026-06-24 20:35:47,031
2026-06-24 20:35:47,031
2026-06-24 20:35:47,031
2026-06-24 20:35:47,031
2026-06-24 20:35:47,031
2026-06-24 20:35:47,031
2026-06-24 20:35:47,031
2026-06-24 20:35:47,031
2026-06-24 20:35:47,032
2026-06-24 20:35:47,032
2026-06-24 20:35:47,032
2026-06-24 20:35:47,032
2026-06-24 20:35:47,032
2026-06-24 20:35:47,032
2026-06-24 20:35:47,032
2026-06-24 20:35:47,032
2026-06-24 20:35:47,032
2026-06-24 20:35:47,032
2026-06-24 20:35:47,033
2026-06-24 20:35:47,033
2026-06-24 20:35:47,033
2026-06-24 20:35:47,033
2026-06-24 20:35:47,033
2026-06-24 20:35:47,033
2026-06-24 20:35:47,033
2026-06-24 20:35:47,033
2026-06-24 20:35:47,033
2026-06-24 20:35:47,034
2026-06-24 20:35:47,034
2026-06-24 20:35:47,034
2026-06-24 20:35:47,035
2026-06-24 20:35:47,035
2026-06-24 20:35:47,035
2026-06-24 20:35:47,035
2026-06-24 20:35:47,035
2026-06-24 20:35:47,035
2026-06-24 20:35:47,035
2026-06-24 20:35:47,035
2026-06-24 20:35:47,036
2026-06-24 20:35:47,036
2026-06-24 20:35:47,036
2026-06-24 20:35:47,036
2026-06-24 20:35:47,037
2026-06-24 20:35:47,037
2026-06-24 20:35:47,038
2026-06-24 20:35:47,038
2026-06-24 20:35:47,038
2026-06-24 20:35:47,038
2026-06-24 20:35:47,039
2026-06-24 20:35:47,039
2026-06-24 20:35:47,039
2026-06-24 20:35:47,039
2026-06-24 20:35:47,039
2026-06-24 20:35:47,039
2026-06-24 20:35:47,039
2026-06-24 20:35:47,039
2026-06-24 20:35:47,040
2026-06-24 20:35:47,040
2026-06-24 20:35:47,040
2026-06-24 20:35:47,040
2026-06-24 20:35:47,041
2026-06-24 20:35:47,042
2026-06-24 20:35:47,042
2026-06-24 20:35:47,042
2026-06-24 20:35:47,042
2026-06-24 20:35:47,042
2026-06-24 20:35:47,042
2026-06-24 20:35:47,042
2026-06-24 20:35:47,043
2026-06-24 20:35:47,043
2026-06-24 20:35:47,043
2026-06-24 20:35:47,044
2026-06-24 20:35:47,044
2026-06-24 20:35:47,045
2026-06-24 20:35:47,045
2026-06-24 20:35:47,045
2026-06-24 20:35:47,045
2026-06-24 20:35:47,045
2026-06-24 20:35:47,045
2026-06-24 20:35:47,046
2026-06-24 20:35:47,046
2026-06-24 20:35:47,046
2026-06-24 20:35:47,046
2026-06-24 20:35:47,046
2026-06-24 20:35:47,046
2026-06-24 20:35:47,046
2026-06-24 20:35:47,046
2026-06-24 20:35:47,046
2026-06-24 20:35:47,046
2026-06-24 20:35:47,046
2026-06-24 20:35:47,046
2026-06-24 20:35:47,047
2026-06-24 20:35:47,047
2026-06-24 20:35:47,047
2026-06-24 20:35:47,047
2026-06-24 20:35:47,047
2026-06-24 20:35:47,047
2026-06-24 20:35:47,047
2026-06-24 20:35:47,047
2026-06-24 20:35:47,047
2026-06-24 20:35:47,047
2026-06-24 20:35:47,047
2026-06-24 20:35:47,048
2026-06-24 20:35:47,048
2026-06-24 20:35:47,048
2026-06-24 20:35:47,048
2026-06-24 20:35:47,049
2026-06-24 20:35:47,049
2026-06-24 20:35:47,049
2026-06-24 20:35:47,049
2026-06-24 20:35:47,049
2026-06-24 20:35:47,050
2026-06-24 20:35:47,050
2026-06-24 20:35:47,050
2026-06-24 20:35:47,050
2026-06-24 20:35:47,050
2026-06-24 20:35:47,051
2026-06-24 20:35:47,051
2026-06-24 20:35:47,051
2026-06-24 20:35:47,051
2026-06-24 20:35:47,051
2026-06-24 20:35:47,051
2026-06-24 20:35:47,052
2026-06-24 20:35:47,052
2026-06-24 20:35:47,052
2026-06-24 20:35:47,052
2026-06-24 20:35:47,052
2026-06-24 20:35:47,052
2026-06-24 20:35:47,052
2026-06-24 20:35:47,053
2026-06-24 20:35:47,053
2026-06-24 20:35:47,053
2026-06-24 20:35:47,053
2026-06-24 20:35:47,053
2026-06-24 20:35:47,054
2026-06-24 20:35:47,054
2026-06-24 20:35:47,054
2026-06-24 20:35:47,054
2026-06-24 20:35:47,054
2026-06-24 20:35:47,055
2026-06-24 20:35:47,055
2026-06-24 20:35:47,055
2026-06-24 20:35:47,055
2026-06-24 20:35:47,055
2026-06-24 20:35:47,055
2026-06-24 20:35:47,055
2026-06-24 20:35:47,055
2026-06-24 20:35:47,056
2026-06-24 20:35:47,056
2026-06-24 20:35:47,057
2026-06-24 20:35:47,057
2026-06-24 20:35:47,057
2026-06-24 20:35:47,057
2026-06-24 20:35:47,058
2026-06-24 20:35:47,058
2026-06-24 20:35:47,058
2026-06-24 20:35:47,058
2026-06-24 20:35:47,058
2026-06-24 20:35:47,058
2026-06-24 20:35:47,058
2026-06-24 20:35:47,058
2026-06-24 20:35:47,059
2026-06-24 20:35:47,059
2026-06-24 20:35:47,059
2026-06-24 20:35:47,059
2026-06-24 20:35:47,059
2026-06-24 20:35:47,059
2026-06-24 20:35:47,059
2026-06-24 20:35:47,060
2026-06-24 20:35:47,060
2026-06-24 20:35:47,060
2026-06-24 20:35:47,060
2026-06-24 20:35:47,060
2026-06-24 20:35:47,060
2026-06-24 20:35:47,062
2026-06-24 20:35:47,062
2026-06-24 20:35:47,062
2026-06-24 20:35:47,062
2026-06-24 20:35:47,062
2026-06-24 20:35:47,062
2026-06-24 20:35:47,062
2026-06-24 20:35:47,062
2026-06-24 20:35:47,062
2026-06-24 20:35:47,062
2026-06-24 20:35:47,063
2026-06-24 20:35:47,065
2026-06-24 20:35:47,065
2026-06-24 20:35:47,065
2026-06-24 20:35:47,066
2026-06-24 20:35:47,066
2026-06-24 20:35:47,066
2026-06-24 20:35:47,066
2026-06-24 20:35:47,066
2026-06-24 20:35:47,066
2026-06-24 20:35:47,066
2026-06-24 20:35:47,066
2026-06-24 20:35:47,067
2026-06-24 20:35:47,067
2026-06-24 20:35:47,067
2026-06-24 20:35:47,067
2026-06-24 20:35:47,067
2026-06-24 20:35:47,067
2026-06-24 20:35:47,068
2026-06-24 20:35:47,068
2026-06-24 20:35:47,068
2026-06-24 20:35:47,068
2026-06-24 20:35:47,068
2026-06-24 20:35:47,068
2026-06-24 20:35:47,069
2026-06-24 20:35:47,069
2026-06-24 20:35:47,069
2026-06-24 20:35:47,069
2026-06-24 20:35:47,069
2026-06-24 20:35:47,069
2026-06-24 20:35:47,069
2026-06-24 20:35:47,069
2026-06-24 20:35:47,070
2026-06-24 20:35:47,070
2026-06-24 20:35:47,070
2026-06-24 20:35:47,070
2026-06-24 20:35:47,070
2026-06-24 20:35:47,070
2026-06-24 20:35:47,070
2026-06-24 20:35:47,070
2026-06-24 20:35:47,071
2026-06-24 20:35:47,071
2026-06-24 20:35:47,071
2026-06-24 20:35:47,071
2026-06-24 20:35:47,071
2026-06-24 20:35:47,071
2026-06-24 20:35:47,071
2026-06-24 20:35:47,072
2026-06-24 20:35:47,072
2026-06-24 20:35:47,072
2026-06-24 20:35:47,072
2026-06-24 20:35:47,072
2026-06-24 20:35:47,072
2026-06-24 20:35:47,072
2026-06-24 20:35:47,072
2026-06-24 20:35:47,072
2026-06-24 20:35:47,072
2026-06-24 20:35:47,072
2026-06-24 20:35:47,072
2026-06-24 20:35:47,073
2026-06-24 20:35:47,073
2026-06-24 20:35:47,073
2026-06-24 20:35:47,073
2026-06-24 20:35:47,073
2026-06-24 20:35:47,073
2026-06-24 20:35:47,074
2026-06-24 20:35:47,074
2026-06-24 20:35:47,074
2026-06-24 20:35:47,074
2026-06-24 20:35:47,075
2026-06-24 20:35:47,075
2026-06-24 20:35:47,075
2026-06-24 20:35:47,075
2026-06-24 20:35:47,075
2026-06-24 20:35:47,075
2026-06-24 20:35:47,076
2026-06-24 20:35:47,076
2026-06-24 20:35:47,076
2026-06-24 20:35:47,076
2026-06-24 20:35:47,076
2026-06-24 20:35:47,076
2026-06-24 20:35:47,076
2026-06-24 20:35:47,077
2026-06-24 20:35:47,077
2026-06-24 20:35:47,077
2026-06-24 20:35:47,077
2026-06-24 20:35:47,078
2026-06-24 20:35:47,078
2026-06-24 20:35:47,078
2026-06-24 20:35:47,078
2026-06-24 20:35:47,079
2026-06-24 20:35:47,079
2026-06-24 20:35:47,079
2026-06-24 20:35:47,079
2026-06-24 20:35:47,079
2026-06-24 20:35:47,079
2026-06-24 20:35:47,079
2026-06-24 20:35:47,080
2026-06-24 20:35:47,080
2026-06-24 20:35:47,080
2026-06-24 20:35:47,080
2026-06-24 20:35:47,080
2026-06-24 20:35:47,080
2026-06-24 20:35:47,080
2026-06-24 20:35:47,080
2026-06-24 20:35:47,080
2026-06-24 20:35:47,081
2026-06-24 20:35:47,081
2026-06-24 20:35:47,081
2026-06-24 20:35:47,081
2026-06-24 20:35:47,081
2026-06-24 20:35:47,081
2026-06-24 20:35:47,081
2026-06-24 20:35:47,081
2026-06-24 20:35:47,082
2026-06-24 20:35:47,082
2026-06-24 20:35:47,082
2026-06-24 20:35:47,082
2026-06-24 20:35:47,082
2026-06-24 20:35:47,082
2026-06-24 20:35:47,082
2026-06-24 20:35:47,083
2026-06-24 20:35:47,083
2026-06-24 20:35:47,083
2026-06-24 20:35:47,083
2026-06-24 20:35:47,084
2026-06-24 20:35:47,084
2026-06-24 20:35:47,084
2026-06-24 20:35:47,084
2026-06-24 20:35:47,084
2026-06-24 20:35:47,084
2026-06-24 20:35:47,085
2026-06-24 20:35:47,086
2026-06-24 20:35:47,086
2026-06-24 20:35:47,087
2026-06-24 20:35:47,087
2026-06-24 20:35:47,087
2026-06-24 20:35:47,087
2026-06-24 20:35:47,087
2026-06-24 20:35:47,087
2026-06-24 20:35:47,087
2026-06-24 20:35:47,088
2026-06-24 20:35:47,088
2026-06-24 20:35:47,088
2026-06-24 20:35:47,088
2026-06-24 20:35:47,088
2026-06-24 20:35:47,088
2026-06-24 20:35:47,088
2026-06-24 20:35:47,088
2026-06-24 20:35:47,089
2026-06-24 20:35:47,089
2026-06-24 20:35:47,089
2026-06-24 20:35:47,089
2026-06-24 20:35:47,089
2026-06-24 20:35:47,090
2026-06-24 20:35:47,090
2026-06-24 20:35:47,090
2026-06-24 20:35:47,090
2026-06-24 20:35:47,090
2026-06-24 20:35:47,090
2026-06-24 20:35:47,090
2026-06-24 20:35:47,091
2026-06-24 20:35:47,091
2026-06-24 20:35:47,091
2026-06-24 20:35:47,091
2026-06-24 20:35:47,091
2026-06-24 20:35:47,091
2026-06-24 20:35:47,092
2026-06-24 20:35:47,092
2026-06-24 20:35:47,092
2026-06-24 20:35:47,092
2026-06-24 20:35:47,092
2026-06-24 20:35:47,093
2026-06-24 20:35:47,093
2026-06-24 20:35:47,093
2026-06-24 20:35:47,094
2026-06-24 20:35:47,094
2026-06-24 20:35:47,094
2026-06-24 20:35:47,094
2026-06-24 20:35:47,094
2026-06-24 20:35:47,094
2026-06-24 20:35:47,094
2026-06-24 20:35:47,095
2026-06-24 20:35:47,095
2026-06-24 20:35:47,095
2026-06-24 20:35:47,095
2026-06-24 20:35:47,095
2026-06-24 20:35:47,096
2026-06-24 20:35:47,096
2026-06-24 20:35:47,096
2026-06-24 20:35:47,096
2026-06-24 20:35:47,096
2026-06-24 20:35:47,097
2026-06-24 20:35:47,098
2026-06-24 20:35:47,098
2026-06-24 20:35:47,099
2026-06-24 20:35:47,099
2026-06-24 20:35:47,099
2026-06-24 20:35:47,099
2026-06-24 20:35:47,099
2026-06-24 20:35:47,099
2026-06-24 20:35:47,099
2026-06-24 20:35:47,099
2026-06-24 20:35:47,099
2026-06-24 20:35:47,099
2026-06-24 20:35:47,100
2026-06-24 20:35:47,100
2026-06-24 20:35:47,101
2026-06-24 20:35:47,101
2026-06-24 20:35:47,101
2026-06-24 20:35:47,102
2026-06-24 20:35:47,102
2026-06-24 20:35:47,102
2026-06-24 20:35:47,102
2026-06-24 20:35:47,102
2026-06-24 20:35:47,102
2026-06-24 20:35:47,102
2026-06-24 20:35:47,102
2026-06-24 20:35:47,102
2026-06-24 20:35:47,102
2026-06-24 20:35:47,102
2026-06-24 20:35:47,102
2026-06-24 20:35:47,102
2026-06-24 20:35:47,102
2026-06-24 20:35:47,103
2026-06-24 20:35:47,103
2026-06-24 20:35:47,103
2026-06-24 20:35:47,103
2026-06-24 20:35:47,104
2026-06-24 20:35:47,104
2026-06-24 20:35:47,104
2026-06-24 20:35:47,104
2026-06-24 20:35:47,104
2026-06-24 20:35:47,104
2026-06-24 20:35:47,104
2026-06-24 20:35:47,104
2026-06-24 20:35:47,105
2026-06-24 20:35:47,105
2026-06-24 20:35:47,105
2026-06-24 20:35:47,105
2026-06-24 20:35:47,105
2026-06-24 20:35:47,105
2026-06-24 20:35:47,105
2026-06-24 20:35:47,105
2026-06-24 20:35:47,106
2026-06-24 20:35:47,106
2026-06-24 20:35:47,106
2026-06-24 20:35:47,106
2026-06-24 20:35:47,106
2026-06-24 20:35:47,106
2026-06-24 20:35:47,106
2026-06-24 20:35:47,106
2026-06-24 20:35:47,107
2026-06-24 20:35:47,107
2026-06-24 20:35:47,107
2026-06-24 20:35:47,108
2026-06-24 20:35:47,108
2026-06-24 20:35:47,108
2026-06-24 20:35:47,108
2026-06-24 20:35:47,108
2026-06-24 20:35:47,108
2026-06-24 20:35:47,108
2026-06-24 20:35:47,109
2026-06-24 20:35:47,109
2026-06-24 20:35:47,109
2026-06-24 20:35:47,109
2026-06-24 20:35:47,109
2026-06-24 20:35:47,109
2026-06-24 20:35:47,109
2026-06-24 20:35:47,109
2026-06-24 20:35:47,110
2026-06-24 20:35:47,110
2026-06-24 20:35:47,110
2026-06-24 20:35:47,110
2026-06-24 20:35:47,110
2026-06-24 20:35:47,110
2026-06-24 20:35:47,110
2026-06-24 20:35:47,110
2026-06-24 20:35:47,110
2026-06-24 20:35:47,111
2026-06-24 20:35:47,111
2026-06-24 20:35:47,111
2026-06-24 20:35:47,111
2026-06-24 20:35:47,111
2026-06-24 20:35:47,112
2026-06-24 20:35:47,112
2026-06-24 20:35:47,112
2026-06-24 20:35:47,112
2026-06-24 20:35:47,112
2026-06-24 20:35:47,112
2026-06-24 20:35:47,112
2026-06-24 20:35:47,112
2026-06-24 20:35:47,112
2026-06-24 20:35:47,112
2026-06-24 20:35:47,112
2026-06-24 20:35:47,112
2026-06-24 20:35:47,113
2026-06-24 20:35:47,113
2026-06-24 20:35:47,113
2026-06-24 20:35:47,113
2026-06-24 20:35:47,113
2026-06-24 20:35:47,113
2026-06-24 20:35:47,113
2026-06-24 20:35:47,114
2026-06-24 20:35:47,114
2026-06-24 20:35:47,114
2026-06-24 20:35:47,114
2026-06-24 20:35:47,114
2026-06-24 20:35:47,114
2026-06-24 20:35:47,114
2026-06-24 20:35:47,115
2026-06-24 20:35:47,115
2026-06-24 20:35:47,115
2026-06-24 20:35:47,115
2026-06-24 20:35:47,115
2026-06-24 20:35:47,115
2026-06-24 20:35:47,115
2026-06-24 20:35:47,115
2026-06-24 20:35:47,115
2026-06-24 20:35:47,116
2026-06-24 20:35:47,116
2026-06-24 20:35:47,116
2026-06-24 20:35:47,117
2026-06-24 20:35:47,117
2026-06-24 20:35:47,117
2026-06-24 20:35:47,118
2026-06-24 20:35:47,118
2026-06-24 20:35:47,118
2026-06-24 20:35:47,118
2026-06-24 20:35:47,118
2026-06-24 20:35:47,118
2026-06-24 20:35:47,119
2026-06-24 20:35:47,120
2026-06-24 20:35:47,121
2026-06-24 20:35:47,121
2026-06-24 20:35:47,121
2026-06-24 20:35:47,122
2026-06-24 20:35:47,122
2026-06-24 20:35:47,122
2026-06-24 20:35:47,122
2026-06-24 20:35:47,122
2026-06-24 20:35:47,122
2026-06-24 20:35:47,122
2026-06-24 20:35:47,123
2026-06-24 20:35:47,123
2026-06-24 20:35:47,123
2026-06-24 20:35:47,123
2026-06-24 20:35:47,123
2026-06-24 20:35:47,123
2026-06-24 20:35:47,123
2026-06-24 20:35:47,123
2026-06-24 20:35:47,123
2026-06-24 20:35:47,123
2026-06-24 20:35:47,123
2026-06-24 20:35:47,124
2026-06-24 20:35:47,124
2026-06-24 20:35:47,124
2026-06-24 20:35:47,124
2026-06-24 20:35:47,124
2026-06-24 20:35:47,124
2026-06-24 20:35:47,124
2026-06-24 20:35:47,125
2026-06-24 20:35:47,126
2026-06-24 20:35:47,126
2026-06-24 20:35:47,126
2026-06-24 20:35:47,127
2026-06-24 20:35:47,127
2026-06-24 20:35:47,127
2026-06-24 20:35:47,127
2026-06-24 20:35:47,127
2026-06-24 20:35:47,128
2026-06-24 20:35:47,128
2026-06-24 20:35:47,128
2026-06-24 20:35:47,129
2026-06-24 20:35:47,129
2026-06-24 20:35:47,129
2026-06-24 20:35:47,129
2026-06-24 20:35:47,130
2026-06-24 20:35:47,130
2026-06-24 20:35:47,130
2026-06-24 20:35:47,130
2026-06-24 20:35:47,130
2026-06-24 20:35:47,130
2026-06-24 20:35:47,130
2026-06-24 20:35:47,130
2026-06-24 20:35:47,131
2026-06-24 20:35:47,131
2026-06-24 20:35:47,131
2026-06-24 20:35:47,131
2026-06-24 20:35:47,131
2026-06-24 20:35:47,131
2026-06-24 20:35:47,131
2026-06-24 20:35:47,131
2026-06-24 20:35:47,131
2026-06-24 20:35:47,131
2026-06-24 20:35:47,132
2026-06-24 20:35:47,132
2026-06-24 20:35:47,132
2026-06-24 20:35:47,132
2026-06-24 20:35:47,132
2026-06-24 20:35:47,132
2026-06-24 20:35:47,132
2026-06-24 20:35:47,132
2026-06-24 20:35:47,132
2026-06-24 20:35:47,133
2026-06-24 20:35:47,133
2026-06-24 20:35:47,134
2026-06-24 20:35:47,134
2026-06-24 20:35:47,134
2026-06-24 20:35:47,134
2026-06-24 20:35:47,134
2026-06-24 20:35:47,135
2026-06-24 20:35:47,135
2026-06-24 20:35:47,135
2026-06-24 20:35:47,135
2026-06-24 20:35:47,135
2026-06-24 20:35:47,135
2026-06-24 20:35:47,135
2026-06-24 20:35:47,136
2026-06-24 20:35:47,136
2026-06-24 20:35:47,136
2026-06-24 20:35:47,136
2026-06-24 20:35:47,136
2026-06-24 20:35:47,136
2026-06-24 20:35:47,136
2026-06-24 20:35:47,136
2026-06-24 20:35:47,136
2026-06-24 20:35:47,136
2026-06-24 20:35:47,136
2026-06-24 20:35:47,137
2026-06-24 20:35:47,137
2026-06-24 20:35:47,137
2026-06-24 20:35:47,138
2026-06-24 20:35:47,138
2026-06-24 20:35:47,138
2026-06-24 20:35:47,138
2026-06-24 20:35:47,138
2026-06-24 20:35:47,138
2026-06-24 20:35:47,138
2026-06-24 20:35:47,139
2026-06-24 20:35:47,139
2026-06-24 20:35:47,139
2026-06-24 20:35:47,139
2026-06-24 20:35:47,139
2026-06-24 20:35:47,139
2026-06-24 20:35:47,139
2026-06-24 20:35:47,139
2026-06-24 20:35:47,139
2026-06-24 20:35:47,139
2026-06-24 20:35:47,139
2026-06-24 20:35:47,139
2026-06-24 20:35:47,139
2026-06-24 20:35:47,139
2026-06-24 20:35:47,139
2026-06-24 20:35:47,140
2026-06-24 20:35:47,140
2026-06-24 20:35:47,140
2026-06-24 20:35:47,140
2026-06-24 20:35:47,140
2026-06-24 20:35:47,140
2026-06-24 20:35:47,140
2026-06-24 20:35:47,141
2026-06-24 20:35:47,141
2026-06-24 20:35:47,141
2026-06-24 20:35:47,141
2026-06-24 20:35:47,141
2026-06-24 20:35:47,141
2026-06-24 20:35:47,141
2026-06-24 20:35:47,142
2026-06-24 20:35:47,142
2026-06-24 20:35:47,142
2026-06-24 20:35:47,142
2026-06-24 20:35:47,142
2026-06-24 20:35:47,142
2026-06-24 20:35:47,142
2026-06-24 20:35:47,142
2026-06-24 20:35:47,142
2026-06-24 20:35:47,142
2026-06-24 20:35:47,142
2026-06-24 20:35:47,142
2026-06-24 20:35:47,142
2026-06-24 20:35:47,142
2026-06-24 20:35:47,142
2026-06-24 20:35:47,143
2026-06-24 20:35:47,143
2026-06-24 20:35:47,143
2026-06-24 20:35:47,145
2026-06-24 20:35:47,145
2026-06-24 20:35:47,145
2026-06-24 20:35:47,145
2026-06-24 20:35:47,145
2026-06-24 20:35:47,146
2026-06-24 20:35:47,146
2026-06-24 20:35:47,146
2026-06-24 20:35:47,146
2026-06-24 20:35:47,146
2026-06-24 20:35:47,146
2026-06-24 20:35:47,146
2026-06-24 20:35:47,147
2026-06-24 20:35:47,147
2026-06-24 20:35:47,147
2026-06-24 20:35:47,148
2026-06-24 20:35:47,148
2026-06-24 20:35:47,148
2026-06-24 20:35:47,149
2026-06-24 20:35:47,149
2026-06-24 20:35:47,149
2026-06-24 20:35:47,149
2026-06-24 20:35:47,149
2026-06-24 20:35:47,150
2026-06-24 20:35:47,150
2026-06-24 20:35:47,150
2026-06-24 20:35:47,150
2026-06-24 20:35:47,150
2026-06-24 20:35:47,151
2026-06-24 20:35:47,151
2026-06-24 20:35:47,151
2026-06-24 20:35:47,151
2026-06-24 20:35:47,151
2026-06-24 20:35:47,152
2026-06-24 20:35:47,152
2026-06-24 20:35:47,152
2026-06-24 20:35:47,152
2026-06-24 20:35:47,152
2026-06-24 20:35:47,153
2026-06-24 20:35:47,153
2026-06-24 20:35:47,153
2026-06-24 20:35:47,153
2026-06-24 20:35:47,154
2026-06-24 20:35:47,154
2026-06-24 20:35:47,154
2026-06-24 20:35:47,154
2026-06-24 20:35:47,154
2026-06-24 20:35:47,155
2026-06-24 20:35:47,155
2026-06-24 20:35:47,155
2026-06-24 20:35:47,155
2026-06-24 20:35:47,155
2026-06-24 20:35:47,155
2026-06-24 20:35:47,155
2026-06-24 20:35:47,155
2026-06-24 20:35:47,155
2026-06-24 20:35:47,156
2026-06-24 20:35:47,156
2026-06-24 20:35:47,156
2026-06-24 20:35:47,156
2026-06-24 20:35:47,156
2026-06-24 20:35:47,157
2026-06-24 20:35:47,157
2026-06-24 20:35:47,157
2026-06-24 20:35:47,157
2026-06-24 20:35:47,157
2026-06-24 20:35:47,157
2026-06-24 20:35:47,157
2026-06-24 20:35:47,157
2026-06-24 20:35:47,157
2026-06-24 20:35:47,158
2026-06-24 20:35:47,158
2026-06-24 20:35:47,158
2026-06-24 20:35:47,158
2026-06-24 20:35:47,158
2026-06-24 20:35:47,158
2026-06-24 20:35:47,158
2026-06-24 20:35:47,158
2026-06-24 20:35:47,158
2026-06-24 20:35:47,158
2026-06-24 20:35:47,159
2026-06-24 20:35:47,159
2026-06-24 20:35:47,159
2026-06-24 20:35:47,159
2026-06-24 20:35:47,159
2026-06-24 20:35:47,159
2026-06-24 20:35:47,160
2026-06-24 20:35:47,160
2026-06-24 20:35:47,160
2026-06-24 20:35:47,161
2026-06-24 20:35:47,161
2026-06-24 20:35:47,161
2026-06-24 20:35:47,161
2026-06-24 20:35:47,161
2026-06-24 20:35:47,161
2026-06-24 20:35:47,162
2026-06-24 20:35:47,162
2026-06-24 20:35:47,162
2026-06-24 20:35:47,162
2026-06-24 20:35:47,162
2026-06-24 20:35:47,162
2026-06-24 20:35:47,164
2026-06-24 20:35:47,165
2026-06-24 20:35:47,165
2026-06-24 20:35:47,166
2026-06-24 20:35:47,167
2026-06-24 20:35:47,167
2026-06-24 20:35:47,167
2026-06-24 20:35:47,167
2026-06-24 20:35:47,169
2026-06-24 20:35:47,170
2026-06-24 20:35:47,170
2026-06-24 20:35:47,170
2026-06-24 20:35:47,170
2026-06-24 20:35:47,170
2026-06-24 20:35:47,170
2026-06-24 20:35:47,170
2026-06-24 20:35:47,170
2026-06-24 20:35:47,170
2026-06-24 20:35:47,170
2026-06-24 20:35:47,170
2026-06-24 20:35:47,171
2026-06-24 20:35:47,171
2026-06-24 20:35:47,171
2026-06-24 20:35:47,171
2026-06-24 20:35:47,171
2026-06-24 20:35:47,171
2026-06-24 20:35:47,171
2026-06-24 20:35:47,172
2026-06-24 20:35:47,172
2026-06-24 20:35:47,172
2026-06-24 20:35:47,172
2026-06-24 20:35:47,172
2026-06-24 20:35:47,174
2026-06-24 20:35:47,174
2026-06-24 20:35:47,174
2026-06-24 20:35:47,174
2026-06-24 20:35:47,174
2026-06-24 20:35:47,174
2026-06-24 20:35:47,174
2026-06-24 20:35:47,174
2026-06-24 20:35:47,174
2026-06-24 20:35:47,175
2026-06-24 20:35:47,175
2026-06-24 20:35:47,175
2026-06-24 20:35:47,175
2026-06-24 20:35:47,176
2026-06-24 20:35:47,176
2026-06-24 20:35:47,176
2026-06-24 20:35:47,176
2026-06-24 20:35:47,177
2026-06-24 20:35:47,177
2026-06-24 20:35:47,177
2026-06-24 20:35:47,177
2026-06-24 20:35:47,178
2026-06-24 20:35:47,178
2026-06-24 20:35:47,178
2026-06-24 20:35:47,178
2026-06-24 20:35:47,178
2026-06-24 20:35:47,178
2026-06-24 20:35:47,178
2026-06-24 20:35:47,178
2026-06-24 20:35:47,179
2026-06-24 20:35:47,179
2026-06-24 20:35:47,179
2026-06-24 20:35:47,179
2026-06-24 20:35:47,179
2026-06-24 20:35:47,179
2026-06-24 20:35:47,179
2026-06-24 20:35:47,180
2026-06-24 20:35:47,180
2026-06-24 20:35:47,180
2026-06-24 20:35:47,180
2026-06-24 20:35:47,180
2026-06-24 20:35:47,181
2026-06-24 20:35:47,181
2026-06-24 20:35:47,181
2026-06-24 20:35:47,181
2026-06-24 20:35:47,182
2026-06-24 20:35:47,182
2026-06-24 20:35:47,182
2026-06-24 20:35:47,182
2026-06-24 20:35:47,182
2026-06-24 20:35:47,182
2026-06-24 20:35:47,182
2026-06-24 20:35:47,182
2026-06-24 20:35:47,182
2026-06-24 20:35:47,183
2026-06-24 20:35:47,183
2026-06-24 20:35:47,183
